,bg_mean,subject,session,scan,bg_size,bg_std,cnr,csf_mean,csf_size,csf_std,efc,fber,fg_mean,fg_size,fg_std,fwhm,fwhm_x,fwhm_y,fwhm_z,gm_mean,gm_size,gm_std,qi1,snr,wm_mean,wm_size,wm_std
0,6.6815896434,sub-70045,session_1,anat_1,4467719,7.08298102675,15.1175153343,123.761652861,219474,38.135646617,0.545803806663,286.241326244,115.801790164,7066617,117.17137569,4.34938077773,4.14722197755,4.39406,4.51502,218.061130444,591113,37.4118130124,0.361349941659,16.3493011948,325.138204728,497284,43.0425759197
1,6.23552005416,sub-11030,session_1,anat_1,4153952,6.82959450588,15.0366546322,115.192945196,259908,40.1322060111,0.539289704457,273.90790297,104.313672839,7380384,112.002898436,4.43813,4.20387,4.44276,4.68055,212.76525192,629347,34.1174633783,0.332132147892,15.273772513,315.459505782,533854,36.482986346
2,9.34132057551,sub-50073,session_1,anat_1,4532645,10.4819670278,10.2639961674,136.529715857,244701,45.0038429622,0.575925605142,154.426451454,127.985867985,7001691,118.583287563,4.26026,4.17025,4.23068,4.38262,244.150206066,541090,36.8679025863,0.417864183054,12.2101002269,351.737075466,520541,41.9457017083
3,8.086828653,sub-10524,session_1,anat_1,3822874,8.1449232471,14.6395504694,144.40819522,210757,49.2293549067,0.513630162917,186.904554151,99.1570613977,7711462,121.614313189,4.6279,4.443,4.63855,4.80941,262.088539997,499232,37.2821606459,0.360117283489,12.1740940202,381.326554943,411848,37.0368098276
4,7.34053628249,sub-60012,session_1,anat_1,3871840,7.61255304938,12.8934133069,124.572245247,249968,39.1338149101,0.569822406684,224.437274683,111.499212006,7662496,112.551056134,4.23599,3.99727,4.26137,4.46223,209.193084073,611516,33.5741534022,0.427592565809,14.6467566509,307.34487686,573857,38.2746192254
5,5.27812768388,sub-50007,session_1,anat_1,4811132,6.96373148996,11.075839168,88.87483963,208892,29.9189497911,0.515838631375,238.23120288,91.4496678964,6723204,99.128355773,4.58064,4.48201,4.70781,4.555,160.94503197,532837,23.4085394545,0.367733830624,13.1322794436,238.074201962,430932,24.5108941833
6,7.64456622629,sub-10724,session_1,anat_1,4251318,7.98232293495,18.5248544017,168.972229871,203384,65.0296112723,0.486292846538,287.406804936,116.308566723,7283018,146.904841002,4.77364,4.61488,4.75462,4.95764,287.429399966,602266,44.177890394,0.448817519649,14.5707668897,435.300770123,464471,47.0008530743
7,8.27404618108,sub-60073,session_1,anat_1,3350636,8.46013497004,9.92419103346,109.454078906,258182,35.1021982636,0.5970388284,146.527108528,101.658769383,8183700,100.916942998,4.11297,3.93193,4.07545,4.34195,196.578377682,551088,30.0893364812,0.369591026898,12.0162112949,280.538373294,557888,32.0856749861
8,8.83486711168,sub-50038,session_1,anat_1,3307627,10.6329284932,9.87451021227,154.197273504,270457,40.2583406573,0.543279690426,134.252011541,103.892809992,8226709,121.916882566,4.94031587748,4.69116825615,4.9015,5.24388,253.005712147,515568,35.389723782,0.357358613894,9.77085570157,358.000673139,494697,40.0939951025
9,4.50467071655,sub-10225,session_1,anat_1,6767270,4.87725283765,19.1854656219,103.86421937,275297,39.5069993721,0.498653826419,499.171053196,114.634795491,4767066,94.138997407,4.21870698255,4.09801120662,4.31046,4.25049,186.6872916,668786,27.563996635,0.350833497112,23.5039681777,280.259658246,574975,30.7629975985
10,8.52042789299,sub-10958,session_1,anat_1,3967908,8.77959424689,15.3526517684,164.979908852,165446,48.9822588642,0.490075468633,201.021366031,105.834612713,7566428,137.432542285,4.7111621374,4.42409732208,4.70206,5.02655,284.589140576,448219,43.9565103935,0.378257762025,12.0546132016,419.379193716,403580,39.5703927103
11,7.02168114436,sub-60049,session_1,anat_1,4125428,7.1586423741,16.8867217542,126.091726851,232342,44.4792683646,0.515362773145,241.344924834,100.911869334,7408908,118.676307504,4.47612786562,4.33099380446,4.44696,4.65646,240.844016261,556667,37.6242789137,0.274709678608,14.0965093743,361.73001817,465598,37.6669122676
12,6.52331033136,sub-10557,session_1,anat_1,4014293,7.18724771513,15.4094896544,119.034838458,240711,39.9225452707,0.5313762119,219.561383651,95.5455226785,7520043,107.498620185,4.80579,4.6252,4.84121,4.9569,215.342627982,626884,33.8056579604,0.361179664763,13.2937567293,326.094447292,511174,38.1907994537
13,6.6053011009,sub-11019,session_1,anat_1,3621776,7.35978491687,14.1624923402,116.547982173,211589,40.908564085,0.529977405386,192.606009471,88.7908542874,7912560,104.653543195,4.45022,4.33181,4.46182,4.55999,213.29027917,521653,34.0537693178,0.362326935735,12.0643273262,317.523176681,451402,38.2671699976
14,7.71874129785,sub-10388,session_1,anat_1,3547972,8.34209177028,12.1383692349,132.964415992,192446,42.7572527374,0.516636583483,180.635782817,95.7690114049,7986364,118.999670706,4.66477,4.42937,4.74953,4.82502,235.076265667,452943,32.9580396472,0.315616357739,11.4802155193,336.335655766,404748,37.5780910599
15,6.5209922646,sub-50056,session_1,anat_1,4123900,6.73498986806,13.5852968752,128.758387452,211417,41.5914927415,0.540568903522,330.83102478,116.368028413,7410436,124.631637949,4.29646281698,4.08368803242,4.40578,4.40816,226.544563757,482208,34.7746905507,0.386691966343,17.2781296917,318.041400566,503568,36.6783562689
16,5.12813892356,sub-10321,session_1,anat_1,4668121,4.98910566466,19.531068444,118.38471607,214683,40.2120199323,0.550426873675,495.710717984,115.069387865,6866215,110.154269947,4.40069,4.11533,4.45618,4.64725,209.084248435,608949,29.9179479758,0.254430208643,23.064131249,306.526812645,556976,28.064148545
17,8.32068419439,sub-50063,session_1,anat_1,3304441,9.65233867722,7.70618684343,100.524912647,272171,30.7030654804,0.59148739251,104.678183237,91.2192432589,8229895,93.160797217,4.47989,4.33946,4.51254,4.59141,176.417814766,509465,24.6610399478,0.422137965241,9.45048099837,250.800540089,541392,27.3500893433
18,5.92041171538,sub-10460,session_1,anat_1,5434531,6.33334202643,16.2044987042,133.503381768,261106,42.8461807745,0.538227062572,406.924916021,129.977404688,6099805,117.010110361,4.47227,4.31763,4.49456,4.60948,230.622852057,626937,33.6791172889,0.314170624843,20.5227199392,333.251484717,638337,32.775889039
19,3.79910270672,sub-60021,session_1,anat_1,6603638,3.93562324271,18.7532367311,94.2529093457,231925,28.8701782342,0.485274505652,593.010556878,99.1769737266,4930698,88.9279191851,4.2645679665,4.06622369849,4.32547,4.4096,164.741693638,493116,23.1558245194,0.261752234147,25.1998140092,238.547367993,466982,22.8240688515
20,6.37727585819,sub-11090,session_1,anat_1,4616720,5.6688248897,20.8964286157,125.423691494,240255,41.3882100176,0.554382124432,444.407616443,129.821688281,6917616,124.505116433,4.16063652809,3.96868006483,4.14159,4.38194,229.806658982,651481,39.2000062642,0.238005986934,22.9009875604,348.264853624,543874,39.6850274614
21,5.80400212954,sub-70079,session_1,anat_1,4990743,6.31426820916,13.1862423242,95.5317469446,278200,28.3894109501,0.567300192415,276.601122655,107.289511435,6543593,93.9933468953,3.92065532621,3.71647626581,3.95721,4.09784,167.276388976,635720,29.0018051168,0.288366080962,16.9915986906,250.537859682,557506,33.9718907531
22,9.58213623548,sub-70086,session_1,anat_1,4044086,10.7452617451,10.9315483163,137.313935257,263411,44.7770035195,0.545103144225,142.196956559,115.909421448,7490250,126.64636869,4.47583026678,4.28356102128,4.47662,4.6759,247.367783555,593852,39.7831058884,0.416854636622,10.7870263375,364.830131493,561552,44.7922273088
23,8.17418597159,sub-50083,session_1,anat_1,3799376,8.12697768524,13.9776814643,132.422333726,270246,47.1488364897,0.564160554115,225.048034063,119.93335195,7734960,124.567310389,4.40825474495,4.21475442443,4.41004,4.60879,242.60590042,675918,36.2554653955,0.37182079373,14.757435863,356.202205772,599246,38.6943272328
24,4.62332930542,sub-10788,session_1,anat_1,3540294,5.11482734118,13.2110734931,95.3164635039,191308,27.7381725145,0.53852308527,271.900419294,74.7612509416,7994042,85.6503625262,4.61523449821,4.42999415711,4.65686,4.76526,159.738590987,514133,22.6862151615,0.344492293578,14.6165737286,227.310950896,472975,23.7435863616
25,5.36619271382,sub-10570,session_1,anat_1,3570538,6.38383997111,13.6977288502,103.434968693,242760,33.1229108363,0.514972474706,235.318431708,80.8496674577,7963798,99.1443103047,4.84432,4.58083,4.86458,5.10163,186.124142978,601210,28.3487412492,0.244111391617,12.6647390636,273.568251926,545589,28.7040618197
26,6.09480738285,sub-10696,session_1,anat_1,4653973,6.43301362728,18.6685696469,137.725540509,226037,44.8906493874,0.531412696933,412.925141507,125.384583342,6880363,129.251140561,4.48475,4.23294,4.44601,4.79293,244.526465619,631593,39.0193249958,0.347658656378,19.4908002077,364.62162856,533674,42.0997916923
27,15.7626566484,sub-50016,session_1,anat_1,3975144,32.6375744471,2.5734026987,130.272983475,265060,37.7995218751,0.614854550858,22.593097602,128.264750518,7559192,115.013403454,4.0909,3.90104,4.03429,4.35021,218.358171054,484760,29.218958963,0.504607128698,3.92997190175,302.347793215,548898,34.1526223994
28,10.8818389274,sub-60080,session_1,anat_1,3419341,11.0791933708,9.84405564866,130.185886685,274861,43.8931182972,0.615388239298,124.473692609,126.777101773,8114995,118.093208526,4.00473,3.85319,4.03664,4.12934,235.349405558,633619,39.8156490469,0.401629729237,11.4428097362,344.413601642,584253,44.9874095686
29,6.05827493732,sub-50062,session_1,anat_1,4008550,6.5835158637,11.8145104801,97.7931952994,223375,31.6055275259,0.539288058955,261.471282204,97.3597580372,7525786,107.007679147,4.54507189635,4.32293566867,4.63472,4.6862,175.157037616,529803,27.7005679145,0.324235945666,14.7884139801,252.938054784,477551,31.2073357146
30,7.13282262008,sub-10565,session_1,anat_1,3703187,7.32897112563,16.2583292976,125.111354479,204994,47.6589483697,0.513323149198,187.205694526,87.8999828761,7831149,108.874322805,4.75518,4.57146,4.70158,5.00267,227.451089967,548824,35.467294628,0.282845289746,11.9934955902,346.60791594,415036,38.890855372
31,4.99195230749,sub-10271,session_1,anat_1,4538071,5.53241783521,15.3634203582,103.011513178,243547,30.8142755935,0.565707922187,348.18800912,101.87119656,6996265,94.6370732331,4.19617250111,4.0101471707,4.20511,4.38148,177.750445607,562715,27.2864728565,0.38358015994,18.4135037508,262.747306407,479007,31.4599894712
32,9.19362272521,sub-70076,session_1,anat_1,4235226,9.70522644681,12.8690435266,155.44810865,222513,49.1056804271,0.526965849558,181.921631836,119.40118261,7299110,135.112250528,4.48375347428,4.41166025526,4.4369,4.60514,273.45545483,547029,39.0305278517,0.309312655334,12.3027714257,398.352436409,449945,42.3785596594
33,9.78199897555,sub-11088,session_1,anat_1,3353998,10.6546388097,9.30681348593,133.580519746,224802,38.5598752271,0.550173204235,121.230371576,104.448665446,8180338,120.220374335,4.73774621262,4.52212752009,4.83899,4.8598,225.851065602,552270,35.2247123277,0.415843718452,9.80311649339,325.011801764,480013,38.6970147599
34,6.42860438483,sub-50027,session_1,anat_1,3515482,6.55978430747,14.8229519247,126.664981881,190133,42.1506779805,0.501612444368,261.271785259,91.1012307993,8018854,117.221403942,4.91151,4.61954,4.82776,5.31254,214.04237675,523589,30.9811441743,0.358619102587,13.8878393754,311.277744176,466242,31.8366386933
35,7.96689957341,sub-60037,session_1,anat_1,3773184,8.26271816971,13.3780874222,132.462067901,213869,39.0208034483,0.523665260284,191.881437459,102.376663542,7761152,121.64803888,4.63961778766,4.35461377068,4.69456,4.88542,229.860074743,547478,36.395041126,0.334567834487,12.3901918762,340.399440762,448825,37.4040573063
36,11.2611277726,sub-10998,session_1,anat_1,4496722,20.6774451482,4.50983413004,115.94738885,278249,35.4344698464,0.558988889121,44.6211335623,110.550075068,7037614,111.871732338,4.52639784165,4.27504439412,4.59841,4.71747,205.771715197,505487,30.0670501113,0.447269811209,5.34640881772,299.023563049,504349,36.0242845037
37,10.7801249913,sub-60070,session_1,anat_1,4726408,24.3658911458,2.9454452636,88.1976478526,260868,28.2620345669,0.565656934518,29.8277876437,104.880293534,6807928,100.871697096,4.20624275783,4.03916818561,4.29688,4.28782,160.607575092,516667,23.4792261449,0.272137741812,4.30438980896,232.375973761,486901,25.2635606232
38,6.17072494414,sub-50048,session_1,anat_1,3855166,6.83406213363,12.2794124593,101.460116879,238196,35.9579440523,0.568366257574,238.059336544,99.6843556009,7679170,101.223684289,4.12188,3.90529,4.18459,4.2853,192.713455121,463868,30.4075681166,0.324388625548,14.5863987848,276.631722832,454310,32.8233228472
39,7.82394351494,sub-11106,session_1,anat_1,3640042,7.74517810248,14.0814392579,130.31701049,228024,39.8441806449,0.568446134857,218.822771529,112.722170976,7894294,117.539102971,4.53201945974,4.3591589607,4.57341,4.66908,224.075108907,627369,39.4703120735,0.34036695181,14.5538513749,333.138363899,571016,44.3995643059
40,8.86974749045,sub-70007,session_1,anat_1,3238333,9.28327364194,10.1657677693,114.406987205,285665,35.369793241,0.578282116229,108.288257945,90.9920447232,8296003,97.8362794454,4.45105,4.24562,4.56485,4.55009,204.453124747,555805,29.4661707631,0.384989128666,9.80171954774,298.824728729,530743,32.6838966649
41,6.56814253436,sub-60017,session_1,anat_1,4331531,6.24889838123,17.9351842587,132.523258315,218481,48.2239128552,0.559215873518,381.766764598,126.573081459,7202805,123.920818038,4.33354,4.12161,4.36965,4.5187,244.278880257,573203,40.7916337965,0.254003030337,20.255263206,356.354024138,539805,43.9439793403
42,8.48203012853,sub-70068,session_1,anat_1,3449023,8.31145172044,13.3788296049,127.647137137,202804,37.7760388232,0.550638145981,148.821944589,95.5628349824,8085313,108.882355941,4.66273389089,4.44524139315,4.67131,4.8819,219.590266865,581005,35.993394667,0.363854923554,11.4977308654,330.787763202,491305,36.4666747861
43,7.48633610184,sub-11142,session_1,anat_1,3344397,8.11723163084,11.668786027,119.581913321,242134,34.9746527891,0.577223553667,189.139651946,105.035723343,8189939,109.682163735,4.23988,4.0831,4.2304,4.41253,205.962985479,606978,34.728024524,0.404528828366,12.9398455188,300.681224511,547288,38.9170584674
44,9.53324794162,sub-60072,session_1,anat_1,3173610,10.092275697,9.2945508194,127.65786385,243672,36.7021712123,0.5616931225,132.497975473,105.614189605,8360726,119.92865459,4.35273,4.41371,4.50819,4.14456,217.058874222,526818,33.0765525346,0.414837361869,10.4648537927,310.862043572,482058,37.4852173191
45,5.93357892249,sub-60020,session_1,anat_1,3071254,5.90381020574,16.8095249416,113.234129042,214023,31.9590471485,0.538158235951,211.466918989,77.7143785207,8463082,93.6821213934,5.11180939062,4.85136768669,5.15866,5.33732,191.268280787,610983,31.4578808249,0.318858355577,13.1634276531,290.50852569,476501,35.3360488095
46,6.66165030514,sub-70051,session_1,anat_1,3166372,7.28066991952,15.3055711362,122.219501018,207302,36.3862324466,0.537947575136,243.872507374,99.1031583071,8367964,118.01807494,4.73544254029,4.55835706418,4.72386,4.93147,212.079774119,642815,35.4468981624,0.355764262696,13.6118186105,323.514585491,503994,38.9468630501
47,5.57605491041,sub-50014,session_1,anat_1,3088959,5.08568314091,18.3500125665,110.115872973,221622,32.2976741939,0.578447994599,355.888283843,98.0651970895,8445377,103.215252178,4.48639,4.27052,4.57605,4.62082,189.255105925,596415,29.2914752359,0.286735434171,19.28260066,282.577455469,530479,30.7215199355
48,7.35495629268,sub-10217,session_1,anat_1,3784835,8.42985944422,15.575473984,162.989415076,208882,53.0827429915,0.488502125007,264.377992085,110.753776921,7749501,144.300367888,4.98747,4.69655,5.08389,5.19596,284.64267061,531504,45.9538024806,0.422022096076,13.1382708874,415.941727073,491120,44.7314384811
49,5.04197737746,sub-70075,session_1,anat_1,4189185,4.78984597282,17.5219912848,110.384422737,280704,31.6371831216,0.572547074361,482.3283593,111.050334159,7345151,104.858133846,4.2437594941,3.98685809892,4.23132,4.53049,187.306374073,683315,31.6316892084,0.236586830135,23.1845313585,271.234013465,629045,36.493126694
50,5.43798180684,sub-60048,session_1,anat_1,4354053,5.20031782787,18.3819026439,113.597158014,266926,37.3206698477,0.56486473073,412.319856415,110.470807627,7180283,105.544627456,4.12102754368,3.92477344983,4.09256,4.35719,207.062717212,599070,32.6953042675,0.284688082575,21.2430876888,302.654453241,543009,34.5793058785
51,7.06121125269,sub-70040,session_1,anat_1,3931434,7.3315782013,17.1031143641,147.182209686,198535,48.5135261436,0.499407933857,249.095554736,100.184370915,7602902,125.588869958,4.85881,4.61785,4.89699,5.07247,258.6051847,559801,38.1975525889,0.278365858361,13.6647756001,383.998005146,467202,40.8218374097
52,6.63196509743,sub-60022,session_1,anat_1,3960282,7.96417701894,13.6057366446,141.858542936,206621,47.0799384603,0.512623435637,264.024217133,108.429436996,7574054,128.849449273,4.68454,4.4074,4.67592,4.98829,250.679866884,547794,37.0107415306,0.356475877223,13.6146442675,359.038361995,495725,40.1111393716
53,10.0973865839,sub-70037,session_1,anat_1,5355060,12.891659123,9.59308928155,181.11078788,210032,51.7183233967,0.514868041479,153.497439525,140.764540538,6179276,146.102710975,4.61877,4.43056,4.6346,4.79853,292.522083371,526301,39.7863202125,0.389796939717,10.9190399153,416.192920325,491322,42.9795837084
54,10.352874853,sub-11059,session_1,anat_1,3526389,11.3399358202,10.3233770927,145.361052442,216373,44.3320914347,0.540910701412,119.250706223,108.990329481,8007947,127.426761722,4.5539,4.29232,4.6442,4.73749,251.856168899,582454,40.5945458959,0.42900570527,9.61119456134,368.922602578,475636,45.7419549551
55,6.89284199254,sub-10340,session_1,anat_1,2859441,6.1505060792,18.8617011276,126.933940414,246535,42.2550994019,0.607311154982,354.877066896,123.712762402,8674895,122.394267989,4.19464,3.96747,4.22682,4.40105,229.285622664,704762,39.973696858,0.286482567747,20.1142411387,345.294630113,607443,41.2348555449
56,8.79568859952,sub-11082,session_1,anat_1,3700097,9.98601491187,12.0372301079,140.178593897,206642,46.0820188415,0.514201062873,149.356304501,102.200348751,7834239,126.506098336,4.90832,4.62038,4.97532,5.14398,250.657920564,557353,40.2202849973,0.467472339239,10.2343477006,370.861879919,493585,38.1152216018
57,6.1721395633,sub-50081,session_1,anat_1,3266704,5.43100650976,17.7657271248,107.99305343,238535,33.9856148346,0.604490872776,346.19553627,110.416036297,8267632,105.86806694,3.98714572226,3.79406778822,4.06001,4.11486,192.832383514,600114,32.9025438576,0.220837578183,20.3306764774,289.318163179,548709,36.4084621716
58,7.95179360592,sub-11108,session_1,anat_1,3989533,8.20049732637,13.6274972234,134.069406519,194463,42.0772018381,0.519352558784,179.984139203,98.7228159569,7544803,117.209158874,4.75377,4.58161,4.76306,4.92277,235.785230988,554228,34.6544036159,0.340293212263,12.0386376616,347.537485534,451921,36.8166133463
59,7.55164975641,sub-11077,session_1,anat_1,4324396,9.05554970673,10.1862595015,118.94613312,195222,33.9574658789,0.528075653348,157.340654889,98.8165345343,7209940,110.047373999,4.50226,4.24775,4.54154,4.73073,201.272391269,554647,31.9217435299,0.384418540763,10.9122623954,293.51457051,489173,34.0386384934
60,5.50749784188,sub-70083,session_1,anat_1,4331313,5.91577484607,15.4439472067,119.656247176,221348,37.1802965175,0.533879804112,350.152048767,103.314570702,7203023,110.458838965,4.26855,3.95898,4.29938,4.56933,209.206123683,529420,29.3621164065,0.282299616767,17.464249974,300.569038092,461832,34.3042899056
61,6.456540306,sub-50071,session_1,anat_1,3457537,5.83017830602,15.0874124141,111.693815015,235619,37.8132401712,0.58076432013,305.785792615,106.862595813,8076799,108.266376081,4.36332936269,4.13706687814,4.39162,4.57232,201.643881304,598469,31.2856622701,0.378990015147,18.3292157124,289.606185855,566389,33.0940500215
62,7.18503353936,sub-10949,session_1,anat_1,3677917,7.40638253739,15.1695422945,125.277514055,233199,38.3238810938,0.550868141747,235.050214935,106.813136748,7856419,116.700098828,4.40058236066,4.17359671668,4.41334,4.6265,223.535498264,572859,38.7058569652,0.282589302586,14.4217688202,335.886931415,501156,41.4486579777
63,7.06900330265,sub-11131,session_1,anat_1,4438860,8.37434217459,11.0293443325,112.510862406,176112,40.5268707013,0.50294793448,162.756934261,89.6795339735,7095476,107.260223345,4.42944079205,4.11977245558,4.41539,4.77754,198.148789554,430998,30.7603615811,0.376936420612,10.7088451969,290.512292956,379689,32.3230423733
64,6.6748141377,sub-10785,session_1,anat_1,4807995,9.03392962095,12.1128854961,126.959163638,194557,39.9912405443,0.515082284988,198.54049388,107.261873878,6726341,116.377644154,4.65677,4.43015947188,4.62939,4.92391,223.241087995,541657,32.9875955794,0.331075427491,11.8732244304,332.668043073,440277,33.5443399582
65,5.52817231253,sub-50047,session_1,anat_1,5194515,6.25246945403,13.3872847173,98.6115159037,205455,35.4646607897,0.553653370193,354.439762943,117.725008482,6339821,104.062438635,3.83487,3.73646,3.86442,3.90578,183.591907048,485583,31.0292613383,0.260036596294,18.8285619542,267.295495815,479110,33.3284099829
66,6.35614479738,sub-10523,session_1,anat_1,3946729,5.70029476598,18.5890175561,133.184285274,246444,40.3592067982,0.570823536745,392.100923868,120.500499565,7587607,118.580809209,4.22285,4.02439,4.28443,4.36742,227.687891013,622901,36.6097605246,0.380375495759,21.1393453342,333.650770493,527779,42.2318850251
67,8.44714742689,sub-10668,session_1,anat_1,3919251,10.5082167522,11.5605246583,141.609358552,208045,47.487736951,0.515888641847,145.24682862,103.711116816,7615085,125.0860632,4.60029,4.44063,4.57339,4.79373,251.965081761,572337,37.9092655101,0.332727605351,9.86952584456,373.44558064,474390,39.0540306535
68,6.41348024168,sub-50061,session_1,anat_1,3718509,6.79564236978,11.9149604224,100.267062996,208917,33.6992218786,0.582167210342,219.810124436,98.5682007803,7815827,97.3483233895,3.9360756306,3.84947674961,3.93325,4.02752,181.31173195,481821,26.835581983,0.35063408479,14.5046186095,262.281541831,446534,30.7910210823
69,87.5848323939,sub-10269,session_1,anat_1,3836347,83.8154372853,1.09376993261,103.754952734,503005,37.671732494,0.767523501694,2.07742505153,141.503549953,7697989,102.502938251,3.21048581899,2.95818,3.28085818182,3.4096,190.617935468,1042638,29.6521356682,0.745569678655,1.6882755079,282.292740659,1182504,41.0101005901
70,8.83093079932,sub-70061,session_1,anat_1,4337573,9.00375675973,13.1690312345,148.085090587,264001,42.9556024552,0.522240216793,183.920165821,112.860098075,7196763,128.513215575,4.60579,4.39964,4.70427,4.72068,260.008992363,532563,38.7231042447,0.408653871647,12.5347786581,378.57974636,463018,40.686901797
71,11.361670792,sub-70002,session_1,anat_1,4103132,15.905944874,5.04566510941,117.549710665,273040,33.9032841939,0.522009760657,40.4084741878,78.4804240336,7431204,96.3346259332,5.08849121319,4.83578374706,5.1527,5.28768,194.685485246,451451,25.8116819564,0.57743182525,4.93403093343,274.941556329,491824,34.8451055165
72,5.60830020594,sub-10779,session_1,anat_1,5349048,5.46777138138,20.9611853065,136.844286555,222659,49.1246781291,0.503181273564,483.193267479,119.37108458,6185288,124.073510192,4.39340266772,4.18798853237,4.35669,4.64773,241.908965806,545004,33.8255406713,0.302585618974,21.8317622032,356.519934944,429171,36.9619678659
73,4.63957673011,sub-50025,session_1,anat_1,5567984,4.32072358044,20.9774387375,103.593532701,211402,37.4886736397,0.51702716475,506.171565539,103.052031291,5966352,98.6179645609,4.049,3.86262,4.07894,4.21322,195.701013201,519344,29.3003009549,0.382389209452,23.8506419985,286.338727412,453831,31.7325005331
74,5.30817874553,sub-60045,session_1,anat_1,4936515,5.87761498941,15.9140653386,120.649253731,197516,32.737964675,0.519260819697,368.214036182,105.283851441,6597821,109.593991094,4.64491110743,4.37512286855,4.7306,4.84202,201.681034234,484842,30.448833014,0.245681416951,17.9126825474,295.217783211,428674,30.1699943148
75,6.46745322421,sub-70020,session_1,anat_1,4460534,6.31639945829,15.3632499525,121.088732229,273204,39.9162763539,0.554699447835,328.70404625,116.726252445,7073802,115.057685046,4.11549098121,3.8972130198,4.24633,4.21209,220.391707708,515129,32.5965298915,0.371633755062,18.4798718346,317.432131385,487847,37.5323368994
76,7.03541811233,sub-50036,session_1,anat_1,3395212,5.92758646828,17.4818472156,127.822794897,224638,40.1407567755,0.562148691628,292.269984779,106.497048945,8139124,115.73321306,4.37662,4.21438,4.34004,4.5834,224.779306785,555989,36.2302043397,0.307821720706,17.9663425435,328.404467781,511932,38.7653254645
77,5.76671017535,sub-50034,session_1,anat_1,4860332,4.84655322168,20.2411375622,131.817602668,238123,42.0867243519,0.554826582056,474.105165865,120.500099191,6674004,111.276056491,4.24331227629,4.04691651281,4.25322,4.43886,224.824340114,605938,33.8480910102,0.334747502845,24.8630508485,322.924090577,567255,35.4422250613
78,8.5462971518,sub-10195,session_1,anat_1,3041321,10.361880178,10.3746100578,155.00681661,208168,43.0487217373,0.508475547198,112.295712145,85.4209161293,8493015,113.852018282,5.20916,4.98083,5.24784,5.40781,256.885474968,466684,35.437601646,0.345564641154,8.24376606002,364.38594128,422414,39.0561935555
79,5.16358223692,sub-10206,session_1,anat_1,5116613,4.50364923892,23.0846880643,116.38374155,248683,38.0007943662,0.537545494256,429.736044931,102.733071995,6417723,98.081917605,4.40442,4.23325,4.47882,4.50638,208.366293876,563856,30.0472385492,0.258148701104,22.8110730975,312.331631708,442714,33.3417509016
80,6.4166385413,sub-60068,session_1,anat_1,5377707,7.77828637366,10.5566028257,102.233541046,217769,31.3295142887,0.553373916085,218.230916042,111.957605696,6156629,98.2553797264,3.74158066905,3.61908172571,3.73225,3.87789,178.87501425,508770,26.9660331656,0.317052416578,14.3936080928,260.987294161,453571,31.221765931
81,6.16251225921,sub-10292,session_1,anat_1,3558550,5.51647196104,17.3763617438,128.548574004,228507,39.0302801951,0.580381725187,433.401332355,121.853977276,7975786,121.654155243,4.16078,3.96124,4.2331,4.2957,222.349010504,525116,31.4483220189,0.371365303284,22.0891138641,318.205222849,477364,33.5912347696
82,5.61953633475,sub-70081,session_1,anat_1,3690723,5.29121065134,18.5598508529,116.158065716,212399,36.732995277,0.545371644755,374.51643278,100.188384486,7843613,110.790407211,4.47402946665,4.26107796816,4.40088,4.7757,205.186554201,551518,32.3335385813,0.306196644939,18.9348697467,303.390634721,477359,32.9225598508
83,6.17106021067,sub-10940,session_1,anat_1,4414849,5.57192433312,21.2946646386,125.90214099,250258,41.4215332104,0.528679376433,366.461476635,108.330836899,7119487,116.607448857,4.98389475301,4.81847349856,5.06751,5.06993,227.200362711,667749,39.2836873534,0.365850111748,19.4422663378,345.852622777,572809,40.7381983878
84,5.12460447025,sub-10708,session_1,anat_1,4146970,4.45017866718,18.5972296332,99.2533293709,215356,30.4147201789,0.601996638749,506.759493336,116.127319941,7387366,99.290762816,3.83933725389,3.72026246067,3.8242,3.9779,171.408055984,600746,26.9064513303,0.26064258965,26.0949792414,254.169050566,514633,29.3223341733
85,7.71355836266,sub-70049,session_1,anat_1,3574023,9.49419608273,14.4848003814,149.9685201,194378,47.2829117023,0.524199111585,214.299464019,114.973841983,7960313,137.289893299,4.87347290482,4.59524849084,5.02879,5.0089,262.213991232,619974,44.7201617608,0.439156659037,12.1099080935,399.735526272,516263,48.3411544075
86,5.54729337745,sub-10506,session_1,anat_1,3761182,5.61388724798,15.9737268481,115.737727099,264587,33.7838224851,0.584194228758,392.44329554,113.012869036,7773154,108.040148615,4.29042,4.09915,4.31413,4.46593,200.372391752,603566,29.425527305,0.291106625524,20.1309474245,290.047093207,531032,33.3681644524
87,6.24243003147,sub-60078,session_1,anat_1,3810749,6.64235157138,10.6611204141,95.9495157703,270223,31.119393786,0.580602335114,199.54602076,91.7803116609,7723587,90.3128229043,4.08224145992,3.89684394859,4.1439,4.21282,172.495390177,556529,22.5990836309,0.346820270766,13.8174426142,243.310300113,509742,23.1919800919
88,5.49652121959,sub-50005,session_1,anat_1,4421952,5.1737415436,15.4254343935,108.250643294,240170,34.8992117052,0.592051949238,415.557084879,119.126028243,6391488,97.4020519997,3.75814,3.5662,3.78485,3.93246,186.274657305,566830,26.9065685679,0.281567732983,23.0251216143,266.081868055,582938,29.7604347553
89,6.48267579779,sub-10891,session_1,anat_1,5279233,6.83860064607,18.3421468088,140.47483797,195334,45.7076958345,0.509909696764,420.143146534,134.716742794,6255103,138.407215699,4.44234,4.21234,4.42776,4.70032,250.861532028,573945,41.2575281024,0.370977185512,19.6994604256,376.296149046,479907,43.1551451782
90,5.83801929281,sub-60033,session_1,anat_1,5428344,7.289370475,12.6020669643,109.845088612,198223,31.7974734185,0.506210514392,220.83011799,96.1079451136,6105992,100.117376874,4.32634,4.1211,4.35003,4.51708,189.854564001,485265,28.039886787,0.272671923518,13.1846701225,281.715698854,391226,29.8619242829
91,8.96481925023,sub-10455,session_1,anat_1,4284957,11.9827939503,8.99611862123,129.204694639,262640,39.2699234856,0.549663216393,109.406766533,107.869100236,7249379,113.430526659,4.6616,4.47172,4.70616,4.81352,230.249055487,547637,36.6464985331,0.450144073791,9.00199908998,338.047691278,515545,40.9062511325
92,6.98669488029,sub-50077,session_1,anat_1,3722552,8.01701240331,13.466878738,136.871359904,242576,41.4672540935,0.56316164619,253.632707687,117.254813881,7811784,122.203577159,4.30423359173,4.01152004242,4.35888,4.56041,236.064799913,541189,36.2692038995,0.408831629484,14.6257493418,344.028933789,498241,42.6102939741
93,7.27921453517,sub-10722,session_1,anat_1,5279829,8.9461237716,13.8806109707,141.626889808,196647,50.1473267342,0.478720668019,230.916005732,113.94787215,6254507,133.162872969,4.52413,4.3683,4.53747,4.67176,262.65258629,499016,39.6710866453,0.38962189874,12.7371222509,386.830250059,433738,40.6215637648
94,6.21018823444,sub-10448,session_1,anat_1,4839072,5.8168203533,17.8750571904,130.415685282,217210,39.7092271493,0.56685127564,458.49885284,136.600586325,6695264,120.567151234,3.97432,3.72482,4.05385,4.15734,224.719034635,544996,36.8835108019,0.359832215764,23.483721007,328.695031117,501179,40.1321038897
95,4.85986462807,sub-60016,session_1,anat_1,3678015,5.28422659506,15.0931600119,102.35463913,229030,29.5865228553,0.542687877983,268.947998904,78.5718739089,7856321,87.6835130022,4.6312,4.45493,4.61977,4.82636,171.790260444,624012,28.4003731268,0.365008027428,14.8691341099,251.545937982,542329,31.3414380939
96,11.5190019899,sub-50006,session_1,anat_1,5190088,23.6117683589,3.45730192079,117.477960114,269466,29.9777418283,0.574578199469,46.3837983406,135.476877953,6344248,116.877072293,4.87751145361,4.75247396577,4.9663,4.91634,188.482703661,562171,24.8233929401,0.43098787535,5.73768452637,270.115715762,550651,29.2324514931
97,8.07316926134,sub-10440,session_1,anat_1,3599558,8.31172602848,14.4395465048,152.745239206,274324,44.985561479,0.525494943579,206.659409354,106.682121541,7934778,127.926507452,4.9085,4.6434,5.03382,5.05955,266.121346494,572806,39.1596377379,0.343887221709,12.8351345047,386.138901017,517606,40.7665454605
98,6.70832495639,sub-60036,session_1,anat_1,3864777,7.10042949867,14.5057802494,131.171503222,186393,43.3671534836,0.511346728507,215.426727717,90.794020621,7669559,110.959327686,4.58465027327,4.34374077672,4.66853,4.75197,229.640335421,506230,31.9747416938,0.387574237789,12.7871167002,332.637605405,425859,33.6194989896
99,8.8354427095,sub-10347,session_1,anat_1,4470279,10.7591246008,11.6156821582,141.252084532,191170,44.7900492464,0.517884825546,142.074677408,109.298115658,7064057,124.865430478,4.5957,4.39619,4.53427,4.86934,245.838489478,575139,38.8487023237,0.36501457739,10.1586439151,370.813061142,473588,39.540903311
100,5.44664820267,sub-50013,session_1,anat_1,4708623,4.87090131571,19.0777861646,104.633908723,256406,32.7300462289,0.600203011452,521.260267881,131.153675814,6825713,103.100248796,3.7021,3.60272,3.74105,3.76461,187.535131366,638105,29.5056699269,0.295405259669,26.9259562683,280.461145095,537178,32.6264100588
101,5.51519658228,sub-10680,session_1,anat_1,5087361,5.70931692324,20.272314838,143.064484789,217183,40.053286484,0.512633336771,461.351058103,118.271643213,6446975,122.813890781,4.65053,4.32109,4.66401,4.99061,233.938086093,613917,38.1157968446,0.281804259615,20.7155505295,349.679156271,532683,40.0644618124
102,5.69069447479,sub-10882,session_1,anat_1,5771743,5.57206881151,19.0401430563,132.455218444,286915,36.4649762325,0.512286729044,395.606365755,114.557991515,5762593,109.410015539,4.75276,4.59730027402,4.78207,4.88337,225.682863948,545359,33.5332274617,0.301794969041,20.5593282119,331.775851239,506262,35.0252956791
103,7.61229093253,sub-60079,session_1,anat_1,3884392,7.94033123338,11.456573427,113.363980377,240741,33.502795754,0.577211420941,199.739512982,110.531257092,7649944,109.318289181,4.08902316842,3.85423895949,4.03424,4.39704,195.1523914,586142,29.7907350725,0.3139222303,13.9202325247,286.12137921,509799,35.8312301437
104,14.1847828598,sub-11062,session_1,anat_1,4588694,22.1798166683,5.01470711807,142.342003964,295634,40.3345068404,0.54933581034,39.8917384639,113.716109036,6945642,121.324754031,4.62130688628,4.35341972079,4.71417,4.80905,242.239368501,535108,33.8917722207,0.468042976934,5.12700852026,353.464653025,529621,43.5273019814
105,6.40675012262,sub-70048,session_1,anat_1,3482396,7.84654850458,13.0447564185,118.895870736,181582,40.7283330867,0.533050963533,196.370570298,91.8724807934,8051940,108.21259757,4.54838,4.29889,4.52899,4.83295,217.497202085,516456,35.3478194086,0.326323600188,11.7086488078,319.853516053,446950,36.1731962906
106,5.45609998952,sub-50015,session_1,anat_1,5019566,5.04740582516,21.7355920914,121.540061182,240919,37.6960493244,0.549600965625,487.713702146,121.048463108,6514770,110.865570437,4.23632,4.04764,4.25205,4.41739,215.693492892,648706,33.805781646,0.289769075653,23.9823123602,325.401847027,531232,37.6492615468
107,7.99408243496,sub-11156,session_1,anat_1,3737686,8.88024420781,12.786021907,149.456253426,187889,44.586623613,0.52286239899,211.241173517,111.782122322,7796650,132.899996584,4.60238,4.46335,4.58271,4.76612,255.738905094,534457,39.385331843,0.335042590523,12.5877306644,369.281902075,495438,41.8454196
108,6.74779077187,sub-50053,session_1,anat_1,4165482,6.85926966224,17.1062037688,141.769391916,214329,48.8878237058,0.52748301932,302.45071948,111.564780494,7368854,124.719163635,4.54631891607,4.44147629374,4.51878,4.682,257.763496439,522360,40.5238379119,0.391248599802,16.2648191407,375.099560987,500668,41.1322830007
109,9.98148706459,sub-11061,session_1,anat_1,3675106,10.6053033303,11.9965732794,151.405108055,193420,54.5044258536,0.530445817245,132.177656353,107.490189624,7859230,128.378636048,4.54398487517,4.41385420666,4.42296,4.80596,272.435176196,521182,40.4069321668,0.44790299926,10.1355129859,399.662474749,441564,41.8400075584
110,6.92389662973,sub-50060,session_1,anat_1,5003760,8.39138405028,11.2288413363,124.77712551,278345,39.3633389144,0.551677123415,274.892096916,132.367352436,6530576,122.531306093,4.02929663769,3.76829056648,4.07065,4.26459,218.750607234,497749,33.2422619773,0.353461596879,15.7741978728,312.976127326,501829,43.9533680945
111,6.29034646181,sub-60028,session_1,anat_1,3235104,6.01497424958,15.2287340861,116.478750789,217161,42.9141440807,0.505411234286,227.899909741,79.6712752457,8299232,104.477434055,4.70068,4.40983,4.72047,4.98971,211.674585104,459392,29.6457377771,0.359269439251,13.2454889979,303.275028485,414248,31.1219210779
112,5.090021639,sub-10638,session_1,anat_1,5179999,4.35002883927,22.2260889272,114.026836054,230399,37.5179571743,0.53881169376,679.609775826,128.269419611,6354337,118.383233423,4.26257,4.08436,4.22507,4.48804,208.755385775,514782,32.6058596961,0.256438659544,29.4870274083,305.439513593,478529,33.4617629592
113,7.12754822212,sub-10707,session_1,anat_1,3520739,7.10871225928,14.880384509,115.411179457,229063,41.1533448045,0.567542562206,236.905210679,106.778468021,8013597,112.273417459,4.62572,4.4061,4.63605,4.84547,207.791169172,735854,36.4318384961,0.288789086609,15.0207891566,313.571540954,627955,44.4914198267
114,5.59956811278,sub-50055,session_1,anat_1,3804697,4.98053879272,18.4929653277,113.994985381,247277,36.5721631161,0.588170187941,461.959200356,117.309308235,7729639,110.374738723,4.21453497588,4.02357513093,4.22108,4.40769,199.439562737,597901,31.6940531918,0.313666239388,23.553537703,291.544493944,549277,35.1275097533
115,5.10762521192,sub-10704,session_1,anat_1,5214819,5.38183513551,19.6890740845,122.836865788,224018,42.7350381316,0.513016847705,466.381360414,112.368228458,6319517,114.230469841,4.50351946314,4.24501797582,4.52486,4.75524,224.882629728,590175,35.6012938779,0.238812890725,20.879165866,330.845980422,499443,38.1180640336
116,6.24710908584,sub-70029,session_1,anat_1,5626248,8.49907449966,14.2280560273,138.172662161,173269,42.2661473042,0.494559542657,316.991141373,130.479754872,5908088,135.06912905,4.57085,4.29435,4.4718,4.97292,238.796335375,524583,38.6303959327,0.327288985484,15.3522309843,359.721643537,414253,39.0749690598
117,5.88316407182,sub-50022,session_1,anat_1,4254265,5.79140522272,14.2452301299,109.211547096,307350,31.4858149637,0.586538749329,317.054514146,109.152641231,7280071,98.4560667199,4.20894,4.08747,4.23523,4.30711,185.018250506,591874,26.965445075,0.304691174621,18.8473500012,267.518150679,578050,34.0456458269
118,5.32294891684,sub-10686,session_1,anat_1,4878849,7.01860228728,11.9631248693,103.053516146,174751,30.5317618824,0.547869536918,270.132061427,105.173568215,6655487,99.4952191408,4.15774306102,4.00901992768,4.25865,4.20982,178.661628434,485620,30.9632817503,0.404963547755,14.984973348,262.626044005,434864,33.9394167949
119,7.74759497004,sub-60065,session_1,anat_1,3387068,9.71402205589,8.61214712261,104.384801711,232842,32.2620440307,0.555022483751,138.666730605,97.3580864162,8147268,109.223641536,4.65312,4.41767,4.59516,4.96295,183.413035181,597368,28.5126997683,0.412558885738,10.0224279764,267.071622279,512187,34.4335081807
120,7.9088049467,sub-50080,session_1,anat_1,3822181,8.13831347594,11.6092906368,114.53477817,215480,37.4638414197,0.560229120704,193.455603634,108.39214383,7712155,114.737150688,4.34368,4.255,4.3191,4.45946,207.173132314,524593,35.9272486176,0.337603582876,13.3187476927,301.65317875,511223,36.9872203153
121,5.921559138,sub-50066,session_1,anat_1,5151231,5.3609739621,16.857955986,100.532745924,223921,34.741362822,0.578215127164,397.859015331,123.813670306,6383105,100.277269894,3.58203957299,3.46997875904,3.54813,3.73305,185.436022237,552059,29.7897111751,0.340622658933,23.0953687113,275.811085332,502989,31.9427516932
122,5.7888804752,sub-60066,session_1,anat_1,3953874,6.40637238024,13.4101990195,105.800064845,240573,33.0672686985,0.554313004996,298.869876359,103.321636069,7580462,107.732109416,4.32286515326,4.05213449156,4.37115,4.56074,186.713194773,595554,29.8101223454,0.298847408896,16.1279472901,272.623923385,530134,33.5968610001
123,6.0432058629,sub-10290,session_1,anat_1,3760323,5.72004177542,16.9298690431,119.24460792,209613,41.5666333563,0.511569149465,299.442552629,91.1732172303,7774013,111.447793778,4.48594,4.25663,4.51452,4.69767,220.975323996,502553,32.6408625522,0.353154237016,15.939257231,317.814882175,459664,31.6495655293
124,7.53737976627,sub-10171,session_1,anat_1,3876616,7.56353523759,15.1012554888,131.554469982,226813,39.7440516788,0.564436973276,221.167012815,110.595017185,7657720,113.95620831,4.3711,4.13685,4.33316,4.65905,225.108909779,640824,34.1907631247,0.313519832761,14.6221328666,339.3277878,496135,40.2574381836
125,7.49812350531,sub-10975,session_1,anat_1,3544641,7.79672072682,13.1103205568,126.284456846,255167,42.1709600975,0.536639043886,187.980221556,96.5587267098,7989695,112.570466308,4.77525,4.51065,4.85296,4.97441,225.209924518,594185,34.1151631994,0.421447193101,12.3845306371,327.427432539,565212,37.6975188934
126,5.81714062793,sub-10719,session_1,anat_1,5262596,5.89567162916,22.5383190705,159.536001166,198938,46.1899947912,0.499916741356,509.909610907,128.340095093,6271740,136.042766326,4.64695,4.34374,4.74653,4.86702,268.189132433,576670,40.7312333995,0.318503833469,21.7685283655,401.067660746,446108,45.9262310455
127,6.00571276268,sub-10345,session_1,anat_1,4472267,5.72269990613,19.2413610027,123.950748976,236523,41.629217432,0.548759778139,358.075470484,111.094556709,7062069,110.90533508,4.41387,4.18287,4.4984,4.5701,222.609383103,640172,35.682051967,0.341930166513,19.4129621561,332.721917907,524676,37.0219252528
128,7.83902841895,sub-70004,session_1,anat_1,3815307,8.56468010146,14.4414728368,133.622268142,196478,44.0910390985,0.502515740982,173.711050271,94.7599883353,7719029,120.156177459,4.88913,4.54559,4.89731,5.24983,234.469126475,577064,35.9549048481,0.310317361093,11.0640429313,358.155721516,442007,36.5388276458
129,3.9605832502,sub-50035,session_1,anat_1,5379921,4.07036071925,19.289142328,99.2248167109,204322,30.8950503854,0.511450161729,485.032116799,88.3287925822,6154415,88.5566331274,4.42374421881,4.16935192861,4.48715,4.62733,170.340710509,533899,24.0206612554,0.278564313491,21.7004827519,248.854477749,435844,25.7531108488
130,6.31345926142,sub-11105,session_1,anat_1,3855375,7.61355503553,10.7701015118,104.370818784,191870,32.9626292256,0.53622801106,187.674395256,90.0271489854,7678961,101.264722983,4.59680082197,4.40928210251,4.66732,4.71989,180.488848372,530371,27.5127650122,0.312710955484,11.8245876683,262.487608971,471228,29.198814037
131,6.263602472,sub-10530,session_1,anat_1,3665694,7.62962057032,13.5681339194,133.654080497,192354,37.2658995762,0.531965960457,211.05741071,93.8345691671,7868642,108.449589082,4.76473,4.57238,4.75117,4.97935,224.422211745,549331,34.6207447017,0.314973372027,12.2987202708,327.941925397,459874,36.3576602386
132,7.65481872166,sub-10692,session_1,anat_1,3781781,8.15271437807,16.6176752619,163.997357304,209256,47.0338408701,0.492170694825,230.862761704,103.521367859,7752555,134.74314294,4.89948,4.65833,4.88905,5.16412,277.01584939,563681,43.0842835161,0.319444462807,12.6977792988,412.495009428,451852,44.9966828734
133,6.71324707301,sub-70017,session_1,anat_1,4781109,6.94207384081,16.7270292946,130.981282814,224179,42.8394391647,0.557377407461,321.892063679,126.66506294,6753227,118.218606018,4.06950509379,3.92708498064,4.07507,4.21134,234.395153247,593552,37.0924508321,0.38968720437,18.2459976434,350.515425747,501013,37.3588934758
134,6.17346873837,sub-11052,session_1,anat_1,4336914,5.73431591821,20.1740079431,141.886849563,223004,44.0820384905,0.554512377461,423.178064813,123.157023029,7197422,121.965119624,4.49202026775,4.31071077082,4.4626,4.71181028085,243.289857395,630341,37.0775179614,0.370741038443,21.4771953246,358.973992277,539955,40.4518098259
135,6.82345798194,sub-10948,session_1,anat_1,3655583,6.65306028857,18.0465311988,143.923000104,212286,48.2631329428,0.508847287833,307.861587574,104.90701295,7878753,130.212769674,4.78655,4.57477,4.71206,5.08731,242.082577975,576437,38.4347533754,0.263952425646,15.768234226,362.14723804,486104,39.814632901
136,7.69051257379,sub-70021,session_1,anat_1,4223548,9.24496290939,10.8007489296,121.827288887,335294,38.1943901375,0.577479141327,176.460458133,115.78455674,7310788,110.056656807,4.47818,4.21077,4.55415,4.68311,218.971602461,602024,34.1005665573,0.414746085519,12.5240693635,318.824125708,614183,38.7885960396
137,5.83384994538,sub-50059,session_1,anat_1,5563814,5.24175509254,16.6559445765,105.458727067,220750,34.1971770314,0.57995444044,495.077281084,140.822918164,5970522,103.058286457,3.54510084522,3.4398924604,3.52288,3.67658,188.723047234,523898,27.6741315491,0.328846183571,26.8656043019,276.029429539,464975,29.5172300411
138,5.2682700363,sub-70033,session_1,anat_1,5498046,4.90964967773,21.7339107831,126.467026837,256360,48.2588992162,0.511469314318,523.463838104,117.479213557,6036290,115.521070665,4.87519941883,4.69378888091,4.97613,4.96092,230.096045092,641886,35.1735517845,0.264645839631,23.9282273213,336.801933164,599949,37.0344174208
139,46.5897180954,sub-10377,session_1,anat_1,3579473,57.2069963442,1.6278260809,114.49873758,435275,41.1886137189,0.687313597572,5.69252317859,133.599541815,7954863,114.616498037,3.94126266425,3.57358,4.1803956044,4.09810989011,209.896264492,1056456,30.2754696897,0.526152592854,2.33537067758,303.019305151,1172744,36.6729896392
140,7.16332032531,sub-10280,session_1,anat_1,3399185,7.25936177679,13.7386294362,107.029949774,253057,34.3416694765,0.585753578985,188.064754597,98.2061216811,8135151,99.5813817434,4.26119660893,4.10673,4.28402231076,4.39792701195,193.721793706,623469,32.4681366731,0.281675166253,13.5282032637,293.455475101,535981,37.9373702158
141,8.05986083798,sub-60030,session_1,anat_1,4081717,9.42153631117,13.1568581246,151.978110835,185754,42.6429417105,0.529322336729,206.544775761,118.1759619,7452619,133.363740809,4.50509,4.17893,4.56176,4.79636,257.386489083,536085,42.4134622081,0.480845683324,12.5431732148,381.344305645,441323,44.4361311717
142,7.6398697449,sub-11050,session_1,anat_1,3388735,8.47827387512,12.211519478,119.594499923,239233,41.117024561,0.571591973594,204.880479466,112.375498751,8145601,118.562930437,4.14961,3.95715,4.25502,4.24365,218.554429772,558031,37.4324419626,0.432948578157,13.2545256742,322.087036338,521851,44.3654900514
143,10.011408314,sub-10775,session_1,anat_1,4141541,10.6410294313,12.7979985739,167.181334336,220769,62.3558573243,0.520434117534,175.996084601,126.153313463,7392795,147.151042489,4.53865622207,4.42790794682,4.48181,4.71117,285.835839512,549974,45.6373878178,0.351302087798,11.8553674038,422.019718999,535727,47.1690477169
144,5.58989181642,sub-10877,session_1,anat_1,4627874,4.75897893715,22.4146461757,122.270712408,234304,41.4568176973,0.562138175653,535.624184851,124.798108206,6906462,115.294294305,3.97482,3.75527,3.95553,4.22771,223.467392185,555189,35.684432514,0.313916930323,26.2237151823,330.138221219,480194,38.767666268
145,7.50843861895,sub-60089,session_1,anat_1,3656878,8.48104199679,12.4541292287,116.893426132,238079,37.7893721467,0.583097439779,217.304871727,118.533341212,7877458,117.605637874,3.95027717454,3.87000169588,4.03491,3.94763,211.424069834,593980,39.5990033242,0.290905521048,13.9762709885,317.048062856,540667,44.9564452687
146,5.4959908873,sub-10629,session_1,anat_1,4729226,5.76553415138,17.4304500185,132.553002938,249156,36.7891914418,0.560096220568,508.550537136,132.874049354,6805110,120.874496965,4.20744,3.96674,4.29961,4.36708,220.518875047,645005,35.3592218678,0.276789267419,23.0462687178,321.014729903,577940,38.620453675
147,5.48287772023,sub-10316,session_1,anat_1,5140875,5.41388944519,17.2534731477,115.443458058,286230,34.6449236651,0.56853898756,415.336544021,120.36723787,6393461,100.852117601,3.97341,3.80852,4.06438,4.05264,200.459499766,621589,29.9956786507,0.281196877963,22.2330431917,293.867895933,566137,34.8972979645
148,6.32742131357,sub-11097,session_1,anat_1,4211082,6.24650087044,16.5168460494,126.368548182,228114,38.4256241634,0.535942792098,299.842730971,104.520605185,7323254,113.04653569,4.28093336575,4.08379052697,4.28112,4.48739,222.511835021,531220,35.3440334944,0.365414874372,16.7326647914,325.684328246,484649,36.169706655
149,6.43316136552,sub-11128,session_1,anat_1,4475256,5.97571430276,20.9696293825,149.210889091,196729,46.4506689595,0.499650871551,344.189068395,104.85876559,7059080,124.658737579,4.85374189944,4.61603743874,4.88177,5.0744,263.680612402,524557,39.8765607717,0.2396584687,17.5474864221,388.989126627,436755,39.4435369218
150,10.9023231061,sub-60015,session_1,anat_1,3651017,12.2646700036,9.67161756357,164.749931913,282727,47.2165352866,0.539888861825,120.715670093,117.807646373,7883319,136.484457013,4.8645594201,4.57582836356,4.90408,5.12984,278.206637203,528114,39.6038870535,0.471444805653,9.60544770785,396.825835021,500646,47.6946776929
151,8.43408527323,sub-11122,session_1,anat_1,3963659,7.92796897339,10.3600664397,101.592992073,168923,31.6284550934,0.514784720363,130.222672192,83.0204989593,7570677,102.740811675,4.40619789896,4.41059316481,4.46624,4.34262,180.323560834,409039,26.7596235964,0.391868220753,10.4718496298,262.45784613,359706,27.044248093
152,7.43148599179,sub-70015,session_1,anat_1,3730135,7.65765789486,13.7071896726,125.908116943,217200,42.2212746251,0.513333865839,179.382671296,89.8171151666,7804201,111.169235518,4.73868830531,4.46064521425,4.79445,4.97551,229.230664841,504767,32.9846141651,0.305143647616,11.7290582055,334.195634054,448700,34.5324055111
153,3.94800665375,sub-60014,session_1,anat_1,5740523,4.47674157969,16.1380911571,89.666030914,256389,28.3760628653,0.526462703462,487.266015965,98.6357590416,5793813,87.3572348809,4.22195125824,3.93902328698,4.32665,4.4157,157.4479984,610087,22.3567256606,0.277178751831,22.0329356264,229.6940621,527375,23.3164004777
154,9.94886893833,sub-70001,session_1,anat_1,4970286,14.7977073969,8.38737756369,151.849078607,203225,50.1051142909,0.503862620432,102.703695833,119.284492196,6564050,135.742652871,4.60204384024,4.35479090176,4.73504,4.72675,267.390388755,536122,38.8227048246,0.472704588831,8.0610116822,391.50434777,461616,38.2903187172
155,7.52320769422,sub-50067,session_1,anat_1,3364186,8.21908333779,10.9181116178,119.047189583,243825,34.9640718775,0.589140355411,192.824508434,109.224560259,8170150,109.588039942,4.3202,4.20079,4.25568,4.51036,204.995450615,592168,33.7422045594,0.437242173887,13.2891413519,294.732319893,570203,36.5562211394
156,6.14198577866,sub-10977,session_1,anat_1,4296219,6.03147181031,18.2779049974,130.750970932,240233,51.8554468277,0.530834665096,348.829008199,109.128324673,7238117,118.068449075,4.49261,4.34573,4.44812,4.69092,238.317587867,539224,36.7368434397,0.343973619594,18.093150081,348.560256611,480105,39.7148249308
157,8.01525406802,sub-11098,session_1,anat_1,3314329,8.86209789155,9.46674034325,114.547451468,310159,35.207104856,0.586512857567,146.919561782,101.117983963,8220007,103.694186829,4.4043539378,4.25702167196,4.42085,4.53978,196.48433324,594539,27.7502752429,0.436316672243,11.4101632819,280.379512875,610891,32.752616594
158,16.2016653624,sub-10376,session_1,anat_1,3310871,13.1670055519,8.94235102408,155.014721047,256979,46.4287753419,0.544248756269,61.4869777052,103.367991108,8223465,126.944936651,4.73164,4.52061,4.73423,4.9498,266.274462994,556698,37.9096327098,0.4554275899,7.85053144397,384.018448576,557333,42.1272697184
159,6.56512667444,sub-60043,session_1,anat_1,3716772,6.80372527959,14.4041001573,124.053908316,203438,40.338739665,0.514590578088,269.00370998,98.4581688106,7817564,119.802547371,4.97955,4.69112,5.05025,5.21174,218.444518224,539141,33.0225336955,0.362649632531,14.4712146309,316.446058594,486806,35.8624392513
160,6.03075301328,sub-60046,session_1,anat_1,3332584,5.53746728465,14.3273435458,104.275965074,247727,33.40776394,0.567527484146,273.129616718,92.2727427018,8201752,98.9675747615,4.57801491168,4.39793389328,4.59225,4.75068,180.262970758,543087,25.3855582733,0.351032412086,16.6633476928,259.600166918,535591,26.4473210162
161,7.92364757533,sub-70065,session_1,anat_1,3486294,7.45007145389,15.3573988718,123.688543188,223893,39.6014646188,0.577325380511,198.187618037,106.390127561,8048042,110.11043378,4.52543242763,4.38112678952,4.46275,4.74013,221.381679474,634687,37.3440401927,0.36294414642,14.2804170698,335.795398414,514214,40.1522704691
162,7.97994957967,sub-60053,session_1,anat_1,3992834,9.01998243512,11.9093216472,116.521677322,257458,37.6935729967,0.562141138723,154.200319408,103.941359692,7541502,107.523750289,4.60723384458,4.44361112411,4.56031,4.82604,210.521810066,688925,35.2567072793,0.32233045501,11.5234547783,317.943682138,583172,35.9799299969
163,8.78039332596,sub-60055,session_1,anat_1,3119550,12.0318854529,7.79399134878,108.775517431,240032,36.2549607019,0.589584885847,114.29722713,110.434397738,8414786,114.727515574,4.04447120535,3.98435356229,4.13461,4.01601,197.722727373,588493,33.7363601999,0.460555208283,9.17847815037,291.499138503,509578,39.9419211238
164,3.62657476729,sub-10361,session_1,anat_1,5478746,5.30118188936,12.5943300507,84.699117502,208839,26.0828388368,0.496474437417,332.604781281,81.0834815435,6055590,84.5395590598,4.45876,4.25894,4.42576,4.70278,148.523616783,495114,21.909767024,0.200238886782,15.2953592681,215.288451157,466800,20.6644087738
165,12.050827128,sub-60074,session_1,anat_1,3315690,13.4557409909,9.22753028537,140.392475741,192710,44.9350748289,0.525611400887,77.0126280487,98.225092065,8218646,124.416490247,4.61605440221,4.53478270382,4.62189,4.69284,253.901570283,495643,37.2730185834,0.495944132292,7.2998649522,378.064827789,401803,37.7623315866
166,4.61902057277,sub-50023,session_1,anat_1,5199202,4.84359644714,15.6914168517,91.3811544341,221771,32.1609576448,0.538512569413,357.93442152,92.15510548,6335134,86.841158727,3.8501450487,3.68842450992,3.88731,3.98055,165.444831127,515209,23.4167760093,0.359403423833,19.0261733168,241.44772204,473450,23.2076824748
167,6.04427033966,sub-50058,session_1,anat_1,5491329,8.39449724127,9.39209912592,94.993257383,238928,30.3024078583,0.516012581756,147.094105248,88.2278440187,6043007,89.1909867733,4.30552333618,4.17333970127,4.27285,4.47585,172.751765883,504705,24.8590127593,0.424909889755,10.5101998944,251.593716085,432151,24.9108086777
168,6.71822975728,sub-10987,session_1,anat_1,3626192,8.2165561854,10.6596111751,101.041921268,208987,31.3799214688,0.532277522482,158.350721202,86.6295473375,7908144,101.651166327,4.7357888709,4.43504629911,4.73701,5.05561,177.587459826,593038,29.956864011,0.339149168053,10.5432915424,265.17275396,519826,30.4872624144
169,7.56946136266,sub-10249,session_1,anat_1,3189363,7.39765118104,16.0168109152,135.016742257,260837,45.6062358865,0.535659219797,236.742484134,104.436210878,8344973,124.953749276,4.7682,4.54875,4.80847,4.95639,244.302371289,634465,38.93956762,0.318859283186,14.1174824714,362.789151473,563376,40.8767851165
170,8.87222147473,sub-10871,session_1,anat_1,3693821,10.2476210236,11.822541913,142.087683304,208124,49.3362937026,0.541774737115,167.172712497,116.121003786,7840515,131.26523089,4.47561,4.27428,4.48293,4.67876,253.162080743,590866,42.7689202197,0.371012563955,11.3315084076,374.315009803,542199,45.9960265678
171,6.26131731199,sub-50057,session_1,anat_1,3735516,7.20316477605,12.3711181917,113.564742667,241788,36.631941874,0.583337348416,254.917530211,109.191488328,7798820,106.290038774,4.25736,4.04766,4.27623,4.45816,200.243732295,618129,32.8667106038,0.327266433874,15.1588213962,289.354935094,565278,36.5376154732
172,5.86309908108,sub-11044,session_1,anat_1,3793247,5.87492223576,17.6641942795,121.830630501,209040,40.5221939657,0.521503104813,292.43237944,91.759527374,7741089,108.286852312,4.50401,4.32201,4.5385,4.65802,218.910271316,553892,33.7454307291,0.316179779487,15.6188496957,322.686039066,465370,35.0376881813
173,7.07217656544,sub-10934,session_1,anat_1,3757383,7.78023022765,15.0146447879,135.001706792,188658,43.2546010585,0.504354745884,224.559339938,98.1642512177,7776953,123.240774606,4.7329449221,4.5404248447,4.68111,4.98826,239.872619639,549339,36.6327823273,0.404663032754,12.6171396405,356.690012876,467542,36.255179589
174,6.97464119032,sub-70013,session_1,anat_1,4557430,6.83689232456,15.6009845789,142.902229708,249943,45.237055982,0.561438782387,335.413409556,129.710851056,6976906,123.165532721,4.10436,3.93818,4.06808,4.31569,249.568984698,557312,37.0450243304,0.427496637359,18.9721945145,356.231236421,508605,38.7685499026
175,8.35414141125,sub-60056,session_1,anat_1,3844885,8.4904241095,14.8089503026,140.766233564,192333,49.493710792,0.518294004523,181.816460356,102.427456915,7689451,123.711554208,4.50371,4.26005,4.54393,4.71916,257.737935425,519952,38.0071797002,0.372450931562,12.0638799186,383.47220411,414090,39.2098078521
176,8.29946706401,sub-10339,session_1,anat_1,3710014,9.38362834675,12.13900048,141.879589869,201204,45.864155847,0.491394058235,135.013125044,87.2796963111,7824322,116.491860487,4.84815202281,4.6502255435,4.87543,5.02621,251.177796805,489362,35.4002704044,0.34091299925,9.30127378087,365.08566581,414938,33.6071065166
177,4.94259777299,sub-50054,session_1,anat_1,4119875,4.35710949495,19.304928765,90.1822480891,315290,30.290545143,0.61559593728,461.537511691,109.668783341,7414461,89.4974684595,3.62769043245,3.52286104989,3.58927,3.77563,165.583871955,741553,26.3676269335,0.238231257016,25.1700774259,249.697560376,594231,29.3494098979
178,9.00654569934,sub-10631,session_1,anat_1,3529493,8.85512459777,16.6337460441,182.564510021,213897,53.8098762083,0.507497727725,230.798960261,118.745022982,8004843,150.72899045,5.10714,4.82411,5.23761,5.27209,316.284958094,522354,48.3401001432,0.412777415906,13.4097517963,463.578851841,463908,48.0844894786
179,4.23540221449,sub-70072,session_1,anat_1,2964662,5.07948398714,10.2560527563,72.7287000754,226867,19.4612571176,0.526298572658,261.167941178,66.6519853614,8569674,83.5520326432,5.27100183142,5.24948496851,5.29584,5.26777,119.919692573,531769,16.3170870154,0.256313198604,13.121802437,172.01514832,450545,18.7180862092
180,10.7533559545,sub-50044,session_1,anat_1,4493431,18.7981886313,5.0781524606,115.512945055,362764,33.701150593,0.586371714517,47.1790959878,109.142654105,7040905,101.070194981,4.18627399234,4.01778125549,4.1506,4.3993,201.728098484,601762,30.404540875,0.378059215775,5.80601973123,297.188166337,596451,39.6032172158
181,7.29956351599,sub-11112,session_1,anat_1,4233603,7.06611166429,16.2211453075,121.883745983,221859,43.7631743957,0.549517873229,286.653917242,119.537738882,7300733,123.682251903,4.22315496561,3.96633581528,4.25628,4.46159,231.179468792,556392,39.3194872583,0.300020337287,16.9170463985,345.799892857,479733,45.0929132804
182,10.3984745273,sub-70055,session_1,anat_1,3631399,12.4077442751,9.97982119184,136.020952801,194962,42.9589738019,0.534156077836,103.060281116,105.927425715,7902937,125.656105419,4.42624947235,4.25087847977,4.4057,4.63035,244.021378185,513748,38.6032532657,0.437475749704,8.53720252179,367.848447445,418858,39.965750879
183,7.19724074106,sub-60011,session_1,anat_1,3431791,8.60418847637,12.306652239,118.856899991,244109,40.8344025242,0.548009953232,177.229895949,98.8306441988,8102545,111.954244607,4.6175,4.43713,4.65477,4.76674,220.389246168,629915,35.4759491668,0.403840443663,11.4863411547,326.278001546,573263,36.5672354232
184,5.5581225378,sub-10517,session_1,anat_1,5467423,6.37235967912,18.4947334851,128.509224401,234812,42.0313794321,0.514554778542,396.966766268,120.22633125,6066913,118.019621031,4.28663,4.12789,4.32663,4.41032,227.594982236,662845,35.2483457004,0.276509243934,18.8668463965,345.450076172,538911,38.1174656299
185,5.66493435689,sub-60076,session_1,anat_1,3646384,5.43163900799,14.9964594612,95.1852196715,239494,29.6807719457,0.581932643796,351.540320714,104.752373493,7887952,103.343010443,4.1673655289,4.00864709756,4.14726,4.35337,171.100634331,577616,30.7569174625,0.300754939688,19.2855919436,252.555988523,526599,34.2688431016
186,7.39812251162,sub-70080,session_1,anat_1,4236937,7.46315603917,12.8243363897,127.351328299,216894,36.190749057,0.503851624464,180.250210299,89.3022772909,7297399,109.225904186,4.54668487806,4.33842370528,4.52105,4.79197,216.640485498,468632,31.1577790583,0.299843495431,11.9657524005,312.350509074,401710,33.0257719522
187,6.92107549199,sub-70034,session_1,anat_1,4046297,7.95688506927,16.2133058232,151.722894681,224384,44.3575944138,0.510242600886,264.118189668,110.336033506,7488039,131.14653985,5.08742,4.80204,5.14738,5.32697,258.449643805,601356,40.7166682766,0.394367244916,13.8667371145,387.457054833,514796,41.8168504293
188,5.47470544694,sub-60077,session_1,anat_1,3919243,5.24344273151,15.1658403277,107.462067763,235143,34.5986172569,0.563988367403,318.832974104,94.9135673064,7615093,96.506469015,4.11372245197,3.89985720594,4.13976,4.31203,186.997220445,554765,27.0808189562,0.284782801168,18.1013834167,266.518435678,512810,30.9521193663
189,8.14459720648,sub-10329,session_1,anat_1,3351109,7.8879946672,14.6134633027,132.333550754,220770,40.7897634272,0.565143044979,191.854097606,106.181754582,8183227,115.711805421,4.66666,4.52401,4.69013,4.78973,229.815674982,620594,39.6205786839,0.365924832645,13.4611848843,345.086595583,534958,43.460930013
190,6.85698743634,sub-50064,session_1,anat_1,3815448,8.07866036558,8.93472574307,96.8744597505,207543,28.2852282769,0.543178093392,160.333008645,89.54580893,7718888,99.9210822317,4.56545,4.39853,4.55402,4.7506,164.490522208,417133,23.9852567208,0.354512235523,11.0842398217,236.671136945,389834,27.1428485039
191,8.31886846432,sub-50045,session_1,anat_1,3436003,8.5351649255,10.2151403252,115.869409136,259620,34.8494559649,0.539287225618,151.429909673,94.8451198537,8098333,111.872319654,4.51455784729,4.27932438851,4.38938,4.89855,204.189398187,470844,29.4805017334,0.46373329709,11.1122773469,291.3773056,468750,32.5413088993
192,8.65671636879,sub-10235,session_1,anat_1,3646524,8.50283741992,11.9480301739,125.497964974,269284,38.8451290033,0.57243380229,158.335663499,105.746557601,7887812,110.138681973,4.38963,4.19817,4.34236,4.63979,212.886882881,625953,30.5979855356,0.398895496094,12.4366199632,314.479040938,544657,32.5893246166
193,7.11366344499,sub-70010,session_1,anat_1,3247790,7.37738717781,12.7897259885,119.532823231,239952,39.9366408261,0.558945654711,195.24916969,95.5655591606,8286546,106.650137824,4.42598,4.21098,4.48018,4.59566,208.666691608,574672,32.6246348849,0.414496626937,12.9538489518,303.021452124,537709,35.8265017562
194,5.15988636106,sub-10487,session_1,anat_1,4374557,4.62349927189,20.1322994916,106.804847037,260324,33.2695592968,0.581515645078,505.100012621,116.165540584,7159779,103.686832284,3.8636,3.71542,3.90789,3.97214,191.077067863,600886,31.7375188073,0.264579019087,25.1250262524,284.158739904,513072,36.6473218392
195,6.68666041499,sub-10678,session_1,anat_1,3444410,7.92969521567,14.0724226348,132.395484112,219536,41.3319482035,0.522314354405,209.907336599,95.3545388425,8089926,116.154008304,4.80227,4.60822,4.84627,4.95906,234.596886471,559815,38.7856238359,0.357207765626,12.0249941831,346.186908911,498339,42.2931865104
196,6.37483036073,sub-10844,session_1,anat_1,4110929,7.13392399158,15.0309051542,132.764075916,246325,40.1064258623,0.536188463829,273.545835049,107.092285119,7423407,116.487149526,4.80456,4.5282,4.84874,5.05134,225.57157989,623094,36.333751953,0.342938542602,15.0116941596,332.800914785,590084,38.9632197724
197,6.83321869762,sub-10855,session_1,anat_1,3294494,7.07785554823,14.0732769912,113.946638418,258182,39.0756700554,0.533292291361,216.430535059,92.7048714041,8239842,111.1480189,4.62420503877,4.39201586363,4.67294,4.81788,215.000652987,542124,35.2522293987,0.384010716061,13.0978755885,314.609274621,472429,39.2189421633
198,6.03058502974,sub-10672,session_1,anat_1,5465517,6.75011172401,17.0515175971,140.335167813,178979,44.4170917622,0.49788730547,351.295278381,117.133096901,6068819,122.727948309,4.66435333621,4.44523927349,4.67258,4.88565,241.96801119,544034,37.2693666373,0.315287465028,17.3527641749,357.067660035,480520,39.3376329046
199,10.7934473656,sub-10325,session_1,anat_1,2902161,11.3788903809,10.8544096201,162.076802677,194225,48.419800014,0.530062583917,114.024646321,103.484912203,8632175,131.675300182,4.70356046796,4.50606260461,4.72424,4.88821,274.789136633,508903,39.5913869674,0.393213539842,9.09446428774,398.30027385,423590,43.9087741111
200,5.75906042178,sub-60001,session_1,anat_1,5729507,6.40583284982,14.9513464695,109.24165148,245283,38.334790016,0.525455884994,279.923801356,106.009114308,5804829,97.636188338,4.13256310304,4.05861919552,4.16881,4.17125,205.793038154,501706,30.10267022,0.274950706928,16.5488417811,301.568864517,456810,29.4037186608
201,7.94432314508,sub-11067,session_1,anat_1,3358541,8.36028272505,13.3010342651,134.743763028,245632,41.4092846012,0.557614945283,204.318929594,110.422303397,8175795,122.403750426,4.5565,4.41895,4.65427,4.59964,235.829379771,605825,38.6947897359,0.333914637338,13.20796282,347.029786763,541885,42.4979659847
202,6.97203843362,sub-50051,session_1,anat_1,4941819,8.15926378536,9.91770997963,92.8442199863,255925,35.4515957058,0.560186430319,170.618796713,102.906715902,6592517,95.1975610311,3.93157,3.75699,3.8926,4.15543,173.362499551,584249,27.4487737174,0.356640945368,12.6122550526,254.283711421,549784,32.0541626155
203,5.58393337628,sub-50020,session_1,anat_1,4827710,5.55663758449,16.3200008258,106.506489102,283090,31.5120936181,0.571798148669,339.236907947,108.970045743,6706626,95.79872008,3.92655351061,3.73812024923,3.99485,4.05398,187.280179469,552296,28.6593099056,0.293515559137,19.6107887344,277.964509437,495991,33.568512353
204,12.0123335561,sub-11110,session_1,anat_1,3424803,11.8892072381,9.89848547809,129.729438329,220556,42.3972817327,0.594486001262,91.8048134511,113.723238317,8109533,115.286657365,4.54885945773,4.3830384325,4.52466,4.74621,230.455608972,687256,36.8906655336,0.373182632694,9.5652498976,348.140754165,571095,40.4617988274
205,6.7986547636,sub-50069,session_1,anat_1,4640820,6.61932433759,18.6968349124,141.84922627,200393,43.672988745,0.532988073072,329.717306797,119.473887636,6893516,124.148296908,4.37099,4.19011,4.35002,4.58165,250.715954816,507972,39.6582079708,0.264080916735,18.0492572266,374.476369188,391692,43.3055059842
206,7.21285316168,sub-11149,session_1,anat_1,3730055,7.11941293734,15.7642172613,124.110525014,242660,40.8383523061,0.561073284869,230.895841968,105.814934137,7804281,111.887480379,4.56078,4.36855,4.57941,4.74208,223.952701907,654149,38.5101071844,0.297287573508,14.8628735358,336.184674224,545160,44.044270073
207,7.10205451468,sub-60087,session_1,anat_1,4214718,6.78789550601,14.2655828837,127.600736319,245274,43.0812325032,0.54895524804,243.437543461,106.070662294,7319618,110.654037413,4.37035,4.22292,4.3517,4.5423,217.963711194,592855,32.8864217132,0.290962289766,15.6264430117,314.796997141,563130,38.6331266075
208,7.98534973547,sub-60051,session_1,anat_1,4422514,9.41920360696,10.080490199,114.993173756,245816,39.2735925332,0.564436933524,162.397525543,112.774288361,7111822,109.752008693,4.27005152709,4.06992412397,4.20079,4.55389,210.104895724,564370,36.4927099558,0.436531574575,11.9728050339,305.055085366,573528,40.4886895563
209,8.33943407935,sub-10575,session_1,anat_1,4454264,9.70707280601,11.2452230712,125.823928299,249370,37.9774878024,0.557141625397,156.874438552,113.434563236,7080072,113.245141946,4.32877,4.14452,4.34573,4.50358,218.602924376,634597,35.3423264573,0.326355824441,11.6857641333,327.761123448,528231,41.115674115
210,5.38745016702,sub-70022,session_1,anat_1,5075956,5.44011084474,18.9377796237,110.177895083,246651,39.2723172343,0.530857138592,368.736001463,104.725749491,6458380,103.187253997,4.37818947808,4.20246899805,4.37384,4.56579,209.290082067,572700,32.6392466601,0.270625671302,19.2506646427,312.313702374,496206,33.1690445995
211,8.62009531421,sub-10227,session_1,anat_1,3353120,9.91433169538,10.4185598826,125.393028767,228281,47.2604778734,0.531212835732,119.039242939,90.8945204478,8181216,110.834829468,4.4157,4.17164,4.42289,4.66642,222.251489745,521230,32.6087554313,0.440966622131,9.16799268378,325.54454821,445450,35.9648488906
212,8.52327127797,sub-10471,session_1,anat_1,3378435,8.96029325066,14.7258793634,150.735804322,174613,50.0898456358,0.504505604407,178.427018562,100.414665283,8155901,131.165062408,4.69283,4.43197,4.78973,4.86851,278.57702224,433628,40.8346513641,0.379172309072,11.206627113,410.52521971,357062,39.893698542
213,6.64130435393,sub-70070,session_1,anat_1,3561886,6.77856477495,14.0749143176,108.561650883,223541,36.7660804321,0.57100539343,206.852479848,94.43553249,7972450,98.540385282,4.29746795081,4.12319459325,4.20532,4.57725,197.545868465,566206,31.4563307318,0.38053407661,13.9314937048,292.953586868,478593,34.5431458575
214,8.1969044229,sub-10150,session_1,anat_1,3496214,8.32505534858,14.085880155,153.937671396,218792,45.5616497684,0.567021239111,217.619966348,118.169906354,8038122,125.45947479,4.49583303271,4.30928945171,4.49782,4.68838,257.587449591,597367,38.8274057434,0.358590177832,14.1944889741,374.853181515,532215,39.7278139892
215,8.33573484835,sub-60057,session_1,anat_1,4525893,8.50091736338,14.2546609216,147.830122917,167268,46.9655192682,0.505697708102,186.445180356,104.710658273,7008443,124.355518238,4.37583374032,4.23028134131,4.32137,4.58344,264.069953714,434473,39.6194699543,0.364642513643,12.3175715981,385.247648251,370469,35.9334411722
216,5.34590734535,sub-50085,session_1,anat_1,4405197,5.56867144589,15.8014192693,107.891104763,242242,30.6436327824,0.574067554986,426.651606697,117.786974135,7129139,107.470443048,4.338,4.13149,4.34922,4.54308,179.57455863,634219,28.8904430007,0.269271953104,21.1517190913,267.56747092,544190,33.0595010117
217,7.29814855955,sub-10193,session_1,anat_1,4820949,8.57282010675,12.102288662,145.719028857,308626,46.0258263593,0.556801275145,221.581866374,121.999522149,6713387,114.904283284,4.59997438688,4.5113926383,4.64787,4.64195,237.639813123,608101,32.3359673459,0.412216972219,14.2309672464,341.390556702,624104,37.5665338912
218,12.0441095021,sub-50075,session_1,anat_1,4053367,12.7438579083,6.59383895207,116.413264104,288508,34.274912691,0.594687978291,72.5911510594,107.586040391,7480969,103.656107986,4.20342949891,4.11931901788,4.18173,4.31151,199.129792774,528504,26.9897920851,0.519614680832,8.44218769273,283.160739449,513788,31.1188463254
219,3.27594564333,sub-10429,session_1,anat_1,6075943,3.33406653626,18.392093685,81.4590487891,210006,23.4769136339,0.503869801087,534.469209702,79.5921874808,5458393,73.0894693428,4.09913,3.88919,4.19646,4.22019,136.252464105,518038,18.2117667157,0.198065222139,23.872405249,197.572928192,441064,20.2364571212
220,8.88594818224,sub-10674,session_1,anat_1,4105967,9.2328684934,14.3975660394,154.373291882,200074,52.2714806496,0.505924671902,198.246717189,114.385068378,7428369,139.532585211,4.82242,4.61584,4.85309,5.0064,280.495544643,562020,44.3098320183,0.382469221014,12.3888982562,413.42637851,482006,43.7039444082
221,7.0677623511,sub-50008,session_1,anat_1,3022829,10.1966394394,6.572149004,89.8767053586,251560,28.4249362182,0.555643872929,82.2727685729,73.2270186701,8511507,85.4494860887,4.51405,4.42999,4.48,4.63467,159.261362341,517565,22.3928814931,0.431811061757,7.18148553798,226.275196077,486544,25.466090433
222,6.62879212096,sub-11068,session_1,anat_1,4466333,7.16584609685,12.1269037179,114.147258159,234751,37.5645319331,0.578235994976,268.689716089,118.662029006,7068003,107.344434756,3.92808391257,3.66710251389,3.92536,4.21054,195.024028488,624259,30.7428017593,0.366346844268,16.5593884382,281.923554162,568978,35.2663014517
223,5.9231557726,sub-50033,session_1,anat_1,5256361,6.44040998874,13.2368026097,111.336283357,207117,36.3029727418,0.551940339368,265.785309971,106.094997193,6277975,95.3576423133,3.83146,3.69334,3.86389,3.94139,193.973167633,516354,26.7576048754,0.296355786827,16.473329707,279.223603379,458070,30.7049543816
224,5.69087860216,sub-70073,session_1,anat_1,4015788,5.15211801172,19.3280381357,112.356641244,248199,36.8034468209,0.55147854174,397.743421387,106.044150147,7518548,110.425648275,4.4619846809,4.24519431194,4.49066,4.6599,201.459698487,663387,35.4892119308,0.303660701212,20.5826322118,301.040031897,573093,39.5336686822
225,5.43402125312,sub-50043,session_1,anat_1,4979505,6.02292401532,15.5408489468,123.550569053,223002,37.7557660334,0.543465357378,371.397758516,113.462223359,6554831,107.544667745,4.16392893482,4.02864569348,4.15423,4.31379,212.547807477,544350,33.5840008481,0.259906356154,18.8383952827,306.149159817,507925,37.4241318716
226,7.31281975413,sub-10304,session_1,anat_1,4839656,7.32337320991,17.4653769569,152.132299855,268156,41.756176001,0.532067458821,304.018186478,126.111463281,6694680,129.069829071,4.48101,4.29128,4.49054,4.6692,257.858881506,635551,38.4140327565,0.312539568928,17.2204064529,385.764355213,549034,41.5145888236
227,5.32834860266,sub-50042,session_1,anat_1,3320273,5.61715146705,16.0898789039,98.9145424008,228628,30.9621360692,0.556527082728,276.693482415,86.4489216847,8214063,95.4599947527,4.59447452296,4.47856344952,4.59408,4.71377,173.484555617,630650,26.0112092961,0.241568690285,15.3901710131,263.863842507,504504,28.805714448
228,8.12299864466,sub-60052,session_1,anat_1,3825595,8.11031959658,10.6734548103,111.318350653,255495,37.68559887,0.578883479269,176.21010359,107.8680961,7708741,107.619628567,4.13728,3.9458,4.23249,4.24046,195.407302163,541949,29.2945134564,0.362806569958,13.3001042457,281.972431874,503480,33.1332494826
229,5.3402980996,sub-10968,session_1,anat_1,3717952,4.95819954232,17.5064390629,101.153604172,248906,33.7365041685,0.604219060613,454.805419879,115.518403395,7816384,103.955825769,4.11895,3.91359,4.11844,4.33562,180.323901607,665131,30.0194233628,0.278248347477,23.2984579198,267.124319757,575162,32.32417777
230,8.26002269365,sub-10356,session_1,anat_1,3475862,10.8870590337,9.92974880206,135.838797361,253110,41.5783540437,0.516032269298,120.733605085,93.5883654895,8058474,117.426334901,4.86362884042,4.60315670757,4.90062,5.10005,239.311473553,538691,34.6681729421,0.417677686859,8.59629448132,347.417234952,480686,38.5022282362
231,8.0004224348,sub-11066,session_1,anat_1,3697612,8.17221212612,13.5109118222,133.741676711,245576,39.7266298669,0.580648849888,210.610966704,117.575346025,7836724,117.141903395,4.31332794324,4.10999363066,4.34216,4.49666,232.632231483,579601,40.235429141,0.352465861751,14.3872117133,343.046268912,544037,45.0236392303
232,5.22124413241,sub-10624,session_1,anat_1,4910024,5.14297692183,19.4847136327,116.105739605,262248,37.4544672716,0.55488696265,520.030659676,123.826280525,6624312,112.244069441,4.17309,3.98525,4.18917,4.35302,206.691205497,683950,33.8853119764,0.256033371731,24.0767715678,306.900638039,588052,36.9423209365
233,7.77648498899,sub-10492,session_1,anat_1,3773496,8.44016540175,14.3193350194,118.655377526,234355,43.8213797679,0.507819120512,150.347257121,87.5046162529,7760840,110.205239231,4.68911,4.56604,4.76064,4.74312,234.507960921,529901,33.9834492777,0.313897245419,10.3676423491,355.365516928,417863,37.0703965637
234,5.86596865151,sub-10189,session_1,anat_1,4003638,6.52698296222,15.0663620844,116.331707793,215313,42.8552399315,0.552053163416,347.090464413,113.449543057,7530698,117.724321997,4.22830126013,3.92445327482,4.29099,4.48912,216.46871627,530867,36.3309601409,0.297472948353,17.3816208367,314.806604897,508017,40.8069325018
235,6.40627114636,sub-60042,session_1,anat_1,4284129,6.2199031421,18.2051976515,120.998627694,260146,45.4724673014,0.584133497378,419.391320278,136.013596577,7250207,122.218343323,4.0523,3.8606,4.08235,4.2222,226.253737823,670310,40.9322907548,0.395511899852,21.867478234,339.488303898,612127,47.3525876728
236,8.10122637729,sub-10365,session_1,anat_1,4835706,9.31676010505,15.2143805186,177.402784516,253545,53.4587196935,0.52806715153,267.607311517,140.280434805,6698630,145.304114216,4.61607,4.37962,4.58759,4.89548,295.439988139,596907,42.3584891641,0.334758151137,15.0567829614,437.188721577,516136,46.3747265673
237,5.12198897646,sub-50021,session_1,anat_1,5840954,4.8158502674,22.9919863166,141.371289235,197466,47.8547586309,0.470592975959,561.515509894,112.408686085,5693382,122.956978798,4.54826189768,4.30461538808,4.62097,4.73009,249.81326497,507291,35.147551705,0.253008327064,23.3413997204,360.539228421,452682,32.3724976977
238,5.90681029675,sub-50004,session_1,anat_1,3077164,5.77195995927,13.1381411169,101.453256419,247895,30.570921491,0.568767688283,300.201054855,96.4862101658,8457172,105.668828645,4.45124,4.34758,4.46055,4.54784,173.792333079,567842,27.4920489059,0.317399722602,16.71636859,249.625157545,544290,33.3367949072
239,6.30200936896,sub-10478,session_1,anat_1,3797859,6.16076540124,15.996879138,124.187400436,204642,43.0013782392,0.526366750104,308.688692475,100.984768132,7736477,117.379874053,4.64606,4.33796,4.65989,4.96126,211.947648446,582466,30.3259899001,0.363761003239,16.391594478,310.500667968,480562,32.4347828275
240,6.01009659923,sub-50052,session_1,anat_1,5372403,5.9300782873,15.9247946901,115.113248571,223526,40.5971473864,0.550057345895,325.148872075,114.154141079,6161933,100.736033168,3.98082715269,3.85962171815,3.98095,4.10571,218.250739345,473392,31.8228807849,0.329306829737,19.2500226048,312.686018566,433153,34.036956742
241,5.93156367283,sub-60008,session_1,anat_1,3683117,6.19887895894,13.7590694179,109.298144535,185021,34.066145865,0.550871107438,252.914821727,92.2729293375,7851219,100.511943854,4.37016,4.14581,4.40957,4.56548,187.886422629,544369,26.7193548258,0.307193879532,14.8854220172,273.177228538,480786,27.0558249915
242,6.87496429194,sub-50003,session_1,anat_1,3574123,7.17252313828,12.9820336923,118.739501978,265169,34.9871319277,0.546760948702,196.12796172,92.4328338953,7960213,104.000021307,4.66257,4.46341,4.6694,4.86349,208.257287782,498780,29.8641000124,0.380458087201,12.8870736439,301.371224822,458687,34.8423028433
243,12.291953356,sub-60006,session_1,anat_1,4656463,26.7127628706,3.5546637283,110.698674697,277597,30.9656728423,0.600307659171,31.3158391773,125.293164471,6877873,106.6737683,4.33469,4.0979,4.34383,4.57551,188.470984949,695122,29.9548589583,0.422869246465,4.69038583085,283.425874208,586159,34.3379547513
244,5.1218356592,sub-70046,session_1,anat_1,5087197,4.85432974501,19.1504536405,120.015438851,250472,37.4035994269,0.543184033751,552.995438363,121.940045499,6447139,112.554588923,4.19246324857,3.91014908946,4.20415,4.48267,210.54913226,562899,33.4899259683,0.25143020803,25.1198521535,303.511748997,552345,37.1672472237
245,6.21185744767,sub-10912,session_1,anat_1,3589980,7.22088995623,13.4930439702,126.922800443,189470,37.1641932175,0.514668057825,221.406763677,89.4288105921,7944356,109.956232342,4.65211168138,4.44212564104,4.70256,4.81976,214.127971937,515699,31.5771808626,0.318912361629,12.3847352797,311.559757621,451524,34.1713138944
246,6.68349349026,sub-70074,session_1,anat_1,3551829,5.78982967499,18.5042028091,127.589759536,289440,41.4682289482,0.57788657616,353.246055119,116.87804245,7982507,118.153540403,4.4797537382,4.28078071649,4.51063,4.6559,230.535130606,670683,38.1424499232,0.269655155133,20.1867842425,337.671313142,648879,41.3441275582
247,7.55111987556,sub-10348,session_1,anat_1,3743407,8.83052622865,11.8446155795,126.735558436,276182,34.8804744588,0.552233926952,147.838133568,95.2789383654,7790929,104.305877869,4.692000839,4.43386211423,4.71954,4.93621,212.383488335,563759,31.0731759867,0.389578798138,10.7897237263,316.977676878,498183,36.4155309171
248,7.76567891248,sub-70026,session_1,anat_1,3636971,8.01442940264,16.0218477871,140.311496827,203604,49.5748161189,0.4873377953,194.893587804,93.004809199,7897365,124.986147427,4.78467057038,4.58077191125,4.85121,4.92909,261.215563158,555350,38.8640219789,0.328000965639,11.6046700927,389.621531148,443014,41.6711318836
249,8.79409022023,sub-60084,session_1,anat_1,3790835,9.18348055891,13.1095068715,148.231371659,233542,43.4844287824,0.514560814381,169.991536663,104.554033505,7743501,128.652172939,4.82065885067,4.58390617489,4.95174,4.93545,260.51803014,496807,40.699435983,0.402007737082,11.3850116886,380.908931631,441196,44.9102892073
250,6.44394870359,sub-11143,session_1,anat_1,3719013,6.28009441405,17.794257831,120.051190521,266690,46.1129118116,0.551958709107,299.824252799,105.976952072,7815323,114.20977688,4.56019353351,4.3069202685,4.61182,4.77432,217.853832566,716726,35.3561194201,0.364051160886,16.8750571385,329.603451773,586713,35.5061166642
251,6.28742910658,sub-10893,session_1,anat_1,3967928,6.35207724841,17.5590841749,129.274077221,183576,36.1505558561,0.487651267234,238.375128076,84.074637133,7566408,109.42127196,4.82987460613,4.61784321176,4.81801,5.06408,220.584100561,510496,33.530309785,0.356980267787,13.2357705747,332.120759651,409135,34.5187420759
252,4.84123612521,sub-10228,session_1,anat_1,3617983,4.87365907009,14.7805623381,87.4520970405,201689,31.6946751779,0.516546567871,253.943962616,69.3611680783,7916353,84.6916386577,4.71002382374,4.44430198673,4.72893,4.97168,157.805064043,542373,23.4066844421,0.378890116399,14.2318465614,229.840485743,483054,25.9571737082
253,8.35209019965,sub-70069,session_1,anat_1,4165870,9.65710952631,11.7286011941,122.293041098,245829,45.4797292333,0.561577613135,183.261764344,121.719355969,7368466,122.715978797,4.24497,4.07973,4.24168,4.42031,233.597539219,613220,41.4886597104,0.347721844417,12.6041188243,346.861925541,572930,47.1363638144
254,10.9273408324,sub-10159,session_1,anat_1,3186783,15.9886533515,6.11905207672,126.05391041,299163,37.0368227183,0.518202550071,45.4479333205,79.2001251145,8347553,103.789710772,5.01057,4.77209,5.04008,5.23015,211.338665243,518701,28.2484931732,0.465829019422,4.95352068578,309.174067737,485110,34.9927862789
255,7.11975060387,sub-60010,session_1,anat_1,3613368,7.86492419966,11.5388453032,115.526694265,228757,33.8237958043,0.537906463704,157.168562458,86.8528705077,7920968,100.725201369,4.6254994486,4.42607894474,4.63641,4.82252,195.330651207,573550,28.029220972,0.398438797266,11.0430651718,286.082794869,507616,30.0868930063
256,6.04621331432,sub-10963,session_1,anat_1,3898660,6.31339180151,16.3390767897,124.892165387,174814,41.218280496,0.49199133486,246.587386029,84.1997445937,7635676,108.413688784,4.81525081564,4.54130347309,4.841,5.07858,224.376871051,471660,34.3111608596,0.327544079248,13.3366892537,327.5318645,412073,33.0384175167
257,5.73528412795,sub-70060,session_1,anat_1,4534084,5.36212163794,20.7262137555,133.192810324,245630,40.8061962027,0.54676454735,438.77260607,116.73238692,7000252,115.853578077,4.59799013378,4.42431151937,4.55829,4.8201,229.139870508,661662,35.9027353302,0.318603272458,21.7698132944,340.276349759,568620,36.8919321803
258,5.84165687687,sub-11104,session_1,anat_1,4393181,6.20317556493,16.545983733,113.788412371,242500,36.7807575343,0.563560757276,331.462936606,112.051812487,7141155,107.284847432,4.2586,4.00369,4.32274,4.46254,200.807747221,663980,33.9872784135,0.318765149899,18.0636210138,303.445389212,543226,40.8409129556
259,6.24589422943,sub-10697,session_1,anat_1,4041994,6.38983381625,16.6530190157,125.415822346,235199,39.4993434865,0.544792433919,322.73222694,109.874656416,7492342,117.025114139,4.33177619666,4.08597753511,4.39860026218,4.5226,222.799553537,591315,37.2565423909,0.348302595204,17.1952291054,329.209577587,522971,41.5886813828
260,7.72217827042,sub-50049,session_1,anat_1,5267133,17.1942154305,3.50047106544,76.5814527611,229673,22.7544793324,0.562554591564,48.9956193907,98.8952189677,6267203,87.3301712677,4.33402594155,4.28004760264,4.51343,4.21424,128.007887337,543783,18.4951122444,0.356990795562,5.75165638509,188.195740945,515983,19.6483107925
261,7.4505673502,sub-70077,session_1,anat_1,5556004,7.76166608066,17.1975529841,162.839474823,194144,46.275683227,0.491915080664,310.236293288,129.205953433,5978332,138.625545399,4.60931247263,4.43013712953,4.53344,4.87601,270.437595243,555815,41.0668922272,0.30791860481,16.6466776708,403.91925891,430933,39.7568835161
262,7.59355281059,sub-10525,session_1,anat_1,3891246,8.5941445954,12.0406276507,132.584662943,246501,39.2781946835,0.527885824449,158.532585736,94.1066781891,7643090,109.518737441,4.96323,4.70393,4.90859,5.29511,226.2314974,579324,34.2668702291,0.409109575699,10.9500924897,329.71039245,516423,36.7671041849
263,6.54274227762,sub-70057,session_1,anat_1,3736055,6.7456358552,14.6070749587,120.78799334,270883,37.7576378284,0.554684611036,247.654290779,100.876034218,7798281,108.14176802,4.64707390628,4.43742201461,4.71809,4.79337,213.818540573,664672,34.9756169127,0.369079416657,14.9542661928,312.352549154,582350,37.6707010735
264,5.25646575001,sub-60038,session_1,anat_1,4786877,4.44722203384,22.4750906907,112.919576286,261403,37.2608723347,0.557728006583,556.617407,119.743119892,6747459,109.771685715,4.13449,3.89049,4.17019,4.35618,199.937736069,687300,33.7082959429,0.276017746017,26.9253747577,299.889454601,579997,38.7785373755
265,5.12052138085,sub-10762,session_1,anat_1,5303532,5.17988770117,20.1122961897,125.350873362,183200,42.9154690862,0.498715467917,494.345594212,111.119864788,6230804,117.804463139,4.51827,4.20897,4.63265,4.73054,227.606551177,499727,34.4929872352,0.244602842031,21.4521764174,331.785986853,417722,37.0531848936
266,19.0180105322,sub-50010,session_1,anat_1,4041302,33.2047714744,2.58915096535,110.876195228,230500,34.4843228961,0.571728644751,17.4897885516,109.012645212,7493034,117.155946282,4.31225,4.26145,4.35709,4.31874,195.282572613,525971,31.0998614697,0.504781874752,3.28304157417,281.254738731,508364,33.0366120184
267,7.66258019367,sub-50029,session_1,anat_1,3602373,8.44787268937,8.87477701728,105.5674517,213197,26.9441456541,0.542656119659,128.582529181,84.5448299494,7931963,97.869315201,4.34671362718,4.22441057537,4.27634,4.54615,175.389428171,399193,23.1693286718,0.43692865786,10.0078248168,250.36241456,364290,27.5573434055
268,7.49317667864,sub-10746,session_1,anat_1,3949323,7.43471936194,15.6119771976,129.749656022,221671,43.0781253735,0.546812572916,229.725941742,108.629363457,7585013,117.457889823,4.67294,4.45585,4.71466,4.85724,230.022065932,633012,38.7939151174,0.309816897732,14.6110913093,346.092735082,549490,40.5907606624
269,6.15626897242,sub-10274,session_1,anat_1,3974519,6.299146187,16.9023724742,123.26995765,220542,45.0361255938,0.582638679548,353.624192293,120.400559299,7559817,113.743025892,4.10733832376,3.92526363036,4.13032,4.27396,230.157515608,590551,37.0240944402,0.355077683614,19.1137903019,336.62803073,539144,39.4692034298
270,6.98396920658,sub-70058,session_1,anat_1,4903126,7.25962953071,14.3598276386,137.186932647,224177,43.1429602847,0.499851431673,237.039391971,102.209998326,6631210,116.650804792,4.85594942113,4.71127775349,4.80541,5.05769,236.95729074,562899,34.2959460354,0.264303018115,14.0792306128,341.204319521,526401,34.1336307828
271,6.44452878196,sub-10273,session_1,anat_1,4912800,6.54683631741,21.5976904334,158.229636077,216007,49.4126118219,0.514777982941,443.069689603,132.739828342,6621536,140.613388175,4.59211616804,4.40253897871,4.58534,4.79695,280.232358103,588613,43.569957212,0.235581542094,20.2754157743,421.628902204,481811,44.6726419761
272,5.03612007153,sub-60060,session_1,anat_1,4027899,4.87870554668,16.8135235547,102.806216376,223796,31.2546630131,0.569438430313,379.160057015,97.4967262098,7506437,95.5798931742,4.19890250274,4.00560740134,4.21395,4.38579,175.005354398,609032,27.2998380161,0.2376012904,19.9841382672,257.033585024,520083,28.9209296025
273,8.96775910853,sub-60062,session_1,anat_1,3364237,8.20255021913,10.7825271004,123.283782006,311623,34.5642008484,0.605485803739,204.172504559,125.595783356,8170099,119.927032316,4.33746948293,4.10403902152,4.36634,4.55386,210.527217994,599934,32.2583406086,0.437710541796,15.3117969413,298.971438024,547091,36.8179911631
274,8.40930735988,sub-50032,session_1,anat_1,4509528,9.70474534255,9.32765443422,108.943940518,256210,31.9181604302,0.582945734981,127.979317434,107.012062536,7024808,98.2446884064,4.32511845322,4.14773554996,4.33957,4.49508,184.82442649,554480,27.4760578514,0.427117206058,11.0267769796,275.346937417,525798,31.937101821
275,7.61463849104,sub-70052,session_1,anat_1,3992529,9.82670975436,11.7011302602,134.120765215,214946,45.0140646655,0.515509167645,154.349779991,99.1176745838,7541807,118.448180689,4.70015560302,4.44596563501,4.71457,4.95367,236.235081082,538712,37.3617819868,0.402981418544,10.0865576639,351.218691948,468865,38.6617912134
276,7.60699681829,sub-10699,session_1,anat_1,4430328,8.49925967506,13.9972610911,141.643896567,213511,50.1260551773,0.498494685,206.904296315,104.771734069,7104008,126.261320399,4.8843,4.58919,4.95376,5.12551,236.561178896,581663,37.7401661681,0.410802089597,12.3271600204,355.527535649,462219,38.8021367238
277,7.12114397581,sub-10438,session_1,anat_1,4781220,7.65860666524,13.2426997401,125.256444414,258984,34.9034770281,0.570664512745,254.974350462,124.405278097,6753116,111.393814743,3.9564,3.81063,4.00828,4.05457,214.15651139,564649,35.7027833847,0.401045130741,16.2438526399,315.577139885,513392,41.7189471552
278,6.25773048727,sub-50076,session_1,anat_1,3986424,5.55346677614,14.354729233,102.32397273,252441,33.05108657,0.617136663215,378.781828018,124.939568983,7547912,104.426530662,3.79073564864,3.64372650591,3.84307,3.88997,177.649894504,578220,26.6031630027,0.38110145835,22.4975810641,257.36840638,555992,31.2368862165
279,4.06834575659,sub-50050,session_1,anat_1,3872574,3.96185194573,17.9299280777,89.6710001271,236070,27.8494155114,0.580807349177,492.052696684,91.251719252,7661762,86.8371719018,4.00215,3.91197,4.04235,4.05371,155.589569683,608342,23.2797140932,0.298374156311,23.032591955,226.625290124,551488,24.3931521494
280,5.7104963152,sub-10527,session_1,anat_1,4625347,5.81785275592,14.7429575098,115.766949079,231104,36.1650350384,0.568591561655,395.133137535,119.950232661,6908989,108.955835568,4.16741,3.94337,4.13855,4.4349,199.280276012,554903,28.9902197305,0.300257472574,20.6176123207,285.052631991,510792,34.0593429731
281,6.11731505446,sub-60005,session_1,anat_1,4110683,6.47633035257,14.0988773935,111.069953312,240103,36.7876957996,0.497659929674,212.260780484,81.1972990925,7423653,101.256836626,4.92514528411,4.7108551626,5.04436,5.0275,203.728433754,510833,29.4749916284,0.318851636091,12.5375474493,295.037421355,450919,30.8290506387
